"simulation","rep","n_per_group","method","n_de","true_de","fdr","power","elapsed","error","has_error"
"parametric",1,5,"GaGa",95,942,0.0631578947368421,0.09447983014862,0.221,NA,FALSE
"parametric",1,5,"MiGaGa2",117,942,0.0769230769230769,0.114649681528662,0.477,NA,FALSE
"parametric",1,5,"Ga",111,942,0.0810810810810811,0.10828025477707,0.099,NA,FALSE
"parametric",1,5,"limma_BH",28,942,0,0.029723991507431,0.006,NA,FALSE
"parametric",1,10,"GaGa",268,942,0.0373134328358209,0.273885350318471,0.143,NA,FALSE
"parametric",1,10,"MiGaGa2",297,942,0.0572390572390572,0.29723991507431,0.443,NA,FALSE
"parametric",1,10,"Ga",274,942,0.062043795620438,0.272823779193206,0.089,NA,FALSE
"parametric",1,10,"limma_BH",186,942,0.010752688172043,0.195329087048832,0.00800000000000001,NA,FALSE
"parametric",1,15,"GaGa",384,942,0.0494791666666667,0.387473460721868,0.134,NA,FALSE
"parametric",1,15,"MiGaGa2",405,942,0.054320987654321,0.406581740976645,0.421,NA,FALSE
"parametric",1,15,"Ga",381,942,0.0603674540682415,0.380042462845011,0.0799999999999996,NA,FALSE
"parametric",1,15,"limma_BH",290,942,0.0310344827586207,0.298301486199575,0.00299999999999967,NA,FALSE
"parametric",1,20,"GaGa",445,942,0.0382022471910112,0.454352441613588,0.138,NA,FALSE
"parametric",1,20,"MiGaGa2",464,942,0.0452586206896552,0.470276008492569,0.429,NA,FALSE
"parametric",1,20,"Ga",442,942,0.0452488687782805,0.447983014861996,0.085,NA,FALSE
"parametric",1,20,"limma_BH",362,942,0.0138121546961326,0.378980891719745,0.00400000000000045,NA,FALSE
"parametric",2,5,"GaGa",69,942,0.0579710144927536,0.0690021231422505,0.149,NA,FALSE
"parametric",2,5,"MiGaGa2",79,942,0.0632911392405063,0.0785562632696391,0.588,NA,FALSE
"parametric",2,5,"Ga",94,942,0.138297872340426,0.0859872611464968,0.0990000000000002,NA,FALSE
"parametric",2,5,"limma_BH",12,942,0,0.0127388535031847,0.00300000000000011,NA,FALSE
"parametric",2,10,"GaGa",234,942,0.0384615384615385,0.238853503184713,0.148000000000001,NA,FALSE
"parametric",2,10,"MiGaGa2",260,942,0.0384615384615385,0.265392781316348,0.439,NA,FALSE
"parametric",2,10,"Ga",245,942,0.0489795918367347,0.247346072186837,0.093,NA,FALSE
"parametric",2,10,"limma_BH",142,942,0.0140845070422535,0.148619957537155,0.00400000000000045,NA,FALSE
"parametric",2,15,"GaGa",357,942,0.030812324929972,0.367303609341826,0.148,NA,FALSE
"parametric",2,15,"MiGaGa2",381,942,0.041994750656168,0.387473460721868,0.451,NA,FALSE
"parametric",2,15,"Ga",369,942,0.0677506775067751,0.365180467091295,0.093,NA,FALSE
"parametric",2,15,"limma_BH",280,942,0.025,0.289808917197452,0.00300000000000011,NA,FALSE
"parametric",2,20,"GaGa",446,942,0.0695067264573991,0.440552016985138,0.145,NA,FALSE
"parametric",2,20,"MiGaGa2",464,942,0.0818965517241379,0.452229299363057,0.465999999999999,NA,FALSE
"parametric",2,20,"Ga",447,942,0.0715883668903803,0.440552016985138,0.0849999999999991,NA,FALSE
"parametric",2,20,"limma_BH",363,942,0.0413223140495868,0.369426751592357,0.00300000000000011,NA,FALSE
"parametric",3,5,"GaGa",94,942,0.0531914893617021,0.09447983014862,0.142999999999999,NA,FALSE
"parametric",3,5,"MiGaGa2",99,942,0.0606060606060606,0.0987261146496815,0.433999999999999,NA,FALSE
"parametric",3,5,"Ga",108,942,0.101851851851852,0.102972399150743,0.0889999999999986,NA,FALSE
"parametric",3,5,"limma_BH",29,942,0,0.0307855626326964,0.00300000000000011,NA,FALSE
"parametric",3,10,"GaGa",264,942,0.0454545454545455,0.267515923566879,0.0809999999999995,NA,FALSE
"parametric",3,10,"MiGaGa2",288,942,0.0486111111111111,0.290870488322718,0.429,NA,FALSE
"parametric",3,10,"Ga",260,942,0.0576923076923077,0.260084925690021,0.0900000000000016,NA,FALSE
"parametric",3,10,"limma_BH",152,942,0.00657894736842105,0.160297239915074,0.00300000000000011,NA,FALSE
"parametric",3,15,"GaGa",351,942,0.0341880341880342,0.359872611464968,0.0800000000000001,NA,FALSE
"parametric",3,15,"MiGaGa2",374,942,0.0347593582887701,0.383227176220807,0.414,NA,FALSE
"parametric",3,15,"Ga",351,942,0.0512820512820513,0.353503184713376,0.0920000000000005,NA,FALSE
"parametric",3,15,"limma_BH",268,942,0.0149253731343284,0.280254777070064,0.00399999999999956,NA,FALSE
"parametric",3,20,"GaGa",430,942,0.0534883720930233,0.432059447983015,0.0830000000000002,NA,FALSE
"parametric",3,20,"MiGaGa2",454,942,0.0594713656387665,0.453290870488323,0.440999999999999,NA,FALSE
"parametric",3,20,"Ga",434,942,0.0622119815668203,0.432059447983015,0.0890000000000004,NA,FALSE
"parametric",3,20,"limma_BH",350,942,0.0142857142857143,0.36624203821656,0.00500000000000078,NA,FALSE
"parametric",4,5,"GaGa",85,942,0.0352941176470588,0.0870488322717622,0.141,NA,FALSE
"parametric",4,5,"MiGaGa2",100,942,0.04,0.101910828025478,0.473000000000001,NA,FALSE
"parametric",4,5,"Ga",90,942,0.0555555555555556,0.0902335456475584,0.127000000000001,NA,FALSE
"parametric",4,5,"limma_BH",24,942,0,0.0254777070063694,0.00299999999999834,NA,FALSE
"parametric",4,10,"GaGa",249,942,0.0321285140562249,0.25583864118896,0.161,NA,FALSE
"parametric",4,10,"MiGaGa2",276,942,0.0398550724637681,0.281316348195329,0.495999999999999,NA,FALSE
"parametric",4,10,"Ga",260,942,0.0538461538461538,0.261146496815287,0.152000000000001,NA,FALSE
"parametric",4,10,"limma_BH",162,942,0.0246913580246914,0.167728237791932,0.00399999999999956,NA,FALSE
"parametric",4,15,"GaGa",356,942,0.0533707865168539,0.357749469214437,0.154999999999999,NA,FALSE
"parametric",4,15,"MiGaGa2",385,942,0.051948051948052,0.387473460721868,0.482000000000001,NA,FALSE
"parametric",4,15,"Ga",367,942,0.0681198910081744,0.363057324840764,0.148,NA,FALSE
"parametric",4,15,"limma_BH",262,942,0.0190839694656489,0.272823779193206,0.00400000000000134,NA,FALSE
"parametric",4,20,"GaGa",416,942,0.0600961538461538,0.415074309978769,0.140000000000001,NA,FALSE
"parametric",4,20,"MiGaGa2",443,942,0.0744920993227991,0.435244161358811,0.415999999999999,NA,FALSE
"parametric",4,20,"Ga",423,942,0.0732860520094563,0.416135881104034,0.088000000000001,NA,FALSE
"parametric",4,20,"limma_BH",343,942,0.0262390670553936,0.354564755838641,0.00400000000000134,NA,FALSE
"parametric",5,5,"GaGa",107,942,0.0560747663551402,0.107218683651805,0.141,NA,FALSE
"parametric",5,5,"MiGaGa2",119,942,0.0672268907563025,0.117834394904459,0.609,NA,FALSE
"parametric",5,5,"Ga",109,942,0.073394495412844,0.107218683651805,0.0919999999999987,NA,FALSE
"parametric",5,5,"limma_BH",42,942,0.0476190476190476,0.0424628450106157,0.00300000000000011,NA,FALSE
"parametric",5,10,"GaGa",264,942,0.0416666666666667,0.268577494692144,0.152000000000001,NA,FALSE
"parametric",5,10,"MiGaGa2",282,942,0.0567375886524823,0.282377919320594,0.446999999999999,NA,FALSE
"parametric",5,10,"Ga",266,942,0.056390977443609,0.266454352441614,0.0939999999999976,NA,FALSE
"parametric",5,10,"limma_BH",184,942,0.0108695652173913,0.193205944798301,0.00399999999999778,NA,FALSE
"parametric",5,15,"GaGa",364,942,0.0412087912087912,0.370488322717622,0.0860000000000021,NA,FALSE
"parametric",5,15,"MiGaGa2",386,942,0.0466321243523316,0.390658174097665,0.447000000000003,NA,FALSE
"parametric",5,15,"Ga",351,942,0.056980056980057,0.351380042462845,0.106000000000002,NA,FALSE
"parametric",5,15,"limma_BH",290,942,0.0241379310344828,0.300424628450106,0.00399999999999778,NA,FALSE
"parametric",5,20,"GaGa",461,942,0.0477223427331887,0.466029723991507,0.106000000000002,NA,FALSE
"parametric",5,20,"MiGaGa2",482,942,0.0643153526970954,0.478768577494692,0.420000000000002,NA,FALSE
"parametric",5,20,"Ga",444,942,0.0563063063063063,0.4447983014862,0.0899999999999999,NA,FALSE
"parametric",5,20,"limma_BH",393,942,0.0356234096692112,0.402335456475584,0.004999999999999,NA,FALSE
"parametric",6,5,"GaGa",100,942,0.07,0.0987261146496815,0.157,NA,FALSE
"parametric",6,5,"MiGaGa2",118,942,0.0677966101694915,0.116772823779193,0.440000000000001,NA,FALSE
"parametric",6,5,"Ga",116,942,0.0431034482758621,0.117834394904459,0.0899999999999999,NA,FALSE
"parametric",6,5,"limma_BH",18,942,0,0.0191082802547771,0.00399999999999778,NA,FALSE
"parametric",6,10,"GaGa",267,942,0.0561797752808989,0.267515923566879,0.0840000000000032,NA,FALSE
"parametric",6,10,"MiGaGa2",291,942,0.0687285223367698,0.287685774946921,0.468999999999998,NA,FALSE
"parametric",6,10,"Ga",259,942,0.0694980694980695,0.25583864118896,0.097999999999999,NA,FALSE
"parametric",6,10,"limma_BH",179,942,0.0223463687150838,0.185774946921444,0.00400000000000134,NA,FALSE
"parametric",6,15,"GaGa",362,942,0.0524861878453039,0.36411889596603,0.0890000000000022,NA,FALSE
"parametric",6,15,"MiGaGa2",381,942,0.062992125984252,0.378980891719745,0.424,NA,FALSE
"parametric",6,15,"Ga",361,942,0.0554016620498615,0.361995753715499,0.0990000000000002,NA,FALSE
"parametric",6,15,"limma_BH",281,942,0.0320284697508897,0.288747346072187,0.004999999999999,NA,FALSE
"parametric",6,20,"GaGa",430,942,0.0395348837209302,0.438428874734607,0.102,NA,FALSE
"parametric",6,20,"MiGaGa2",453,942,0.0463576158940397,0.45859872611465,0.273999999999997,NA,FALSE
"parametric",6,20,"Ga",429,942,0.0582750582750583,0.428874734607219,0.083000000000002,NA,FALSE
"parametric",6,20,"limma_BH",355,942,0.0253521126760563,0.367303609341826,0.00400000000000134,NA,FALSE
"parametric",7,5,"GaGa",92,942,0.0869565217391304,0.089171974522293,0.132999999999999,NA,FALSE
"parametric",7,5,"MiGaGa2",125,942,0.096,0.119957537154989,0.43,NA,FALSE
"parametric",7,5,"Ga",107,942,0.11214953271028,0.100849256900212,0.0859999999999985,NA,FALSE
"parametric",7,5,"limma_BH",2,942,0,0.00212314225053079,0.00300000000000011,NA,FALSE
"parametric",7,10,"GaGa",302,942,0.0860927152317881,0.292993630573248,0.135000000000002,NA,FALSE
"parametric",7,10,"MiGaGa2",343,942,0.107871720116618,0.32484076433121,0.438000000000002,NA,FALSE
"parametric",7,10,"Ga",298,942,0.087248322147651,0.288747346072187,0.0820000000000007,NA,FALSE
"parametric",7,10,"limma_BH",192,942,0.0104166666666667,0.201698513800425,0.00300000000000011,NA,FALSE
"parametric",7,15,"GaGa",415,942,0.0650602409638554,0.411889596602972,0.139000000000003,NA,FALSE
"parametric",7,15,"MiGaGa2",447,942,0.0805369127516778,0.436305732484076,0.431000000000001,NA,FALSE
"parametric",7,15,"Ga",400,942,0.0875,0.387473460721868,0.0949999999999989,NA,FALSE
"parametric",7,15,"limma_BH",327,942,0.0519877675840979,0.329087048832272,0.00400000000000134,NA,FALSE
"parametric",7,20,"GaGa",470,942,0.0574468085106383,0.470276008492569,0.0799999999999983,NA,FALSE
"parametric",7,20,"MiGaGa2",495,942,0.0666666666666667,0.490445859872611,0.424000000000003,NA,FALSE
"parametric",7,20,"Ga",455,942,0.0681318681318681,0.450106157112527,0.0869999999999997,NA,FALSE
"parametric",7,20,"limma_BH",385,942,0.0441558441558442,0.390658174097665,0.00400000000000134,NA,FALSE
"parametric",8,5,"GaGa",94,942,0.074468085106383,0.0923566878980892,0.138999999999999,NA,FALSE
"parametric",8,5,"MiGaGa2",113,942,0.115044247787611,0.106157112526539,0.420000000000002,NA,FALSE
"parametric",8,5,"Ga",106,942,0.0849056603773585,0.102972399150743,0.093,NA,FALSE
"parametric",8,5,"limma_BH",42,942,0.0238095238095238,0.0435244161358811,0.00300000000000011,NA,FALSE
"parametric",8,10,"GaGa",253,942,0.0395256916996047,0.25796178343949,0.0809999999999995,NA,FALSE
"parametric",8,10,"MiGaGa2",286,942,0.0734265734265734,0.281316348195329,0.459,NA,FALSE
"parametric",8,10,"Ga",250,942,0.056,0.250530785562633,0.0910000000000011,NA,FALSE
"parametric",8,10,"limma_BH",167,942,0.0179640718562874,0.174097664543524,0.00300000000000011,NA,FALSE
"parametric",8,15,"GaGa",373,942,0.0509383378016086,0.375796178343949,0.0810000000000031,NA,FALSE
"parametric",8,15,"MiGaGa2",404,942,0.0693069306930693,0.399150743099788,0.43,NA,FALSE
"parametric",8,15,"Ga",364,942,0.0631868131868132,0.361995753715499,0.148,NA,FALSE
"parametric",8,15,"limma_BH",299,942,0.0367892976588629,0.305732484076433,0.00399999999999778,NA,FALSE
"parametric",8,20,"GaGa",447,942,0.0514541387024608,0.450106157112527,0.0800000000000018,NA,FALSE
"parametric",8,20,"MiGaGa2",469,942,0.0597014925373134,0.468152866242038,0.419,NA,FALSE
"parametric",8,20,"Ga",444,942,0.0630630630630631,0.441613588110403,0.0860000000000021,NA,FALSE
"parametric",8,20,"limma_BH",373,942,0.0402144772117962,0.380042462845011,0.00400000000000134,NA,FALSE
"parametric",9,5,"GaGa",85,942,0.0470588235294118,0.0859872611464968,0.139999999999997,NA,FALSE
"parametric",9,5,"MiGaGa2",107,942,0.0467289719626168,0.10828025477707,0.422000000000001,NA,FALSE
"parametric",9,5,"Ga",104,942,0.0673076923076923,0.102972399150743,0.0889999999999986,NA,FALSE
"parametric",9,5,"limma_BH",17,942,0,0.0180467091295117,0.00300000000000011,NA,FALSE
"parametric",9,10,"GaGa",279,942,0.050179211469534,0.281316348195329,0.0760000000000005,NA,FALSE
"parametric",9,10,"MiGaGa2",310,942,0.0516129032258065,0.312101910828025,0.434999999999999,NA,FALSE
"parametric",9,10,"Ga",284,942,0.0633802816901408,0.282377919320594,0.088000000000001,NA,FALSE
"parametric",9,10,"limma_BH",196,942,0.0459183673469388,0.198513800424628,0.00399999999999778,NA,FALSE
"parametric",9,15,"GaGa",397,942,0.0503778337531486,0.400212314225053,0.0790000000000006,NA,FALSE
"parametric",9,15,"MiGaGa2",422,942,0.0592417061611374,0.421443736730361,0.428999999999998,NA,FALSE
"parametric",9,15,"Ga",392,942,0.0688775510204082,0.387473460721868,0.0919999999999987,NA,FALSE
"parametric",9,15,"limma_BH",318,942,0.0345911949685535,0.325902335456476,0.00399999999999778,NA,FALSE
"parametric",9,20,"GaGa",457,942,0.0459518599562363,0.462845010615711,0.0799999999999983,NA,FALSE
"parametric",9,20,"MiGaGa2",477,942,0.0566037735849057,0.477707006369427,0.418999999999997,NA,FALSE
"parametric",9,20,"Ga",449,942,0.0556792873051225,0.450106157112527,0.0910000000000011,NA,FALSE
"parametric",9,20,"limma_BH",385,942,0.0181818181818182,0.401273885350318,0.00400000000000489,NA,FALSE
"parametric",10,5,"GaGa",79,942,0.0253164556962025,0.0817409766454352,0.143999999999998,NA,FALSE
"parametric",10,5,"MiGaGa2",84,942,0.0238095238095238,0.0870488322717622,0.406999999999996,NA,FALSE
"parametric",10,5,"Ga",91,942,0.0659340659340659,0.0902335456475584,0.0919999999999987,NA,FALSE
"parametric",10,5,"limma_BH",11,942,0,0.0116772823779193,0.00300000000000011,NA,FALSE
"parametric",10,10,"GaGa",252,942,0.0515873015873016,0.253715498938429,0.137999999999998,NA,FALSE
"parametric",10,10,"MiGaGa2",282,942,0.074468085106383,0.277070063694268,0.43,NA,FALSE
"parametric",10,10,"Ga",251,942,0.0677290836653386,0.248407643312102,0.0830000000000055,NA,FALSE
"parametric",10,10,"limma_BH",167,942,0.0179640718562874,0.174097664543524,0.00300000000000011,NA,FALSE
"parametric",10,15,"GaGa",367,942,0.0681198910081744,0.363057324840764,0.078000000000003,NA,FALSE
"parametric",10,15,"MiGaGa2",395,942,0.0708860759493671,0.389596602972399,0.426000000000002,NA,FALSE
"parametric",10,15,"Ga",363,942,0.0826446280991736,0.353503184713376,0.0859999999999985,NA,FALSE
"parametric",10,15,"limma_BH",293,942,0.0273037542662116,0.302547770700637,0.00399999999999778,NA,FALSE
"parametric",10,20,"GaGa",442,942,0.0565610859728507,0.442675159235669,0.0799999999999983,NA,FALSE
"parametric",10,20,"MiGaGa2",465,942,0.0752688172043011,0.456475583864119,0.420999999999999,NA,FALSE
"parametric",10,20,"Ga",435,942,0.0666666666666667,0.43099787685775,0.0810000000000031,NA,FALSE
"parametric",10,20,"limma_BH",370,942,0.0324324324324324,0.380042462845011,0.00399999999999778,NA,FALSE
"parametric",11,5,"GaGa",72,942,0.0694444444444444,0.0711252653927813,0.141000000000005,NA,FALSE
"parametric",11,5,"MiGaGa2",79,942,0.0632911392405063,0.0785562632696391,0.417999999999999,NA,FALSE
"parametric",11,5,"Ga",85,942,0.0941176470588235,0.0817409766454352,0.0929999999999964,NA,FALSE
"parametric",11,5,"limma_BH",9,942,0,0.00955414012738853,0.00300000000000011,NA,FALSE
"parametric",11,10,"GaGa",283,942,0.049469964664311,0.285562632696391,0.140000000000001,NA,FALSE
"parametric",11,10,"MiGaGa2",315,942,0.0634920634920635,0.313163481953291,0.474999999999994,NA,FALSE
"parametric",11,10,"Ga",281,942,0.0427046263345196,0.285562632696391,0.171999999999997,NA,FALSE
"parametric",11,10,"limma_BH",176,942,0.0227272727272727,0.182590233545648,0.00499999999999545,NA,FALSE
"parametric",11,15,"GaGa",389,942,0.0437017994858612,0.394904458598726,0.0850000000000009,NA,FALSE
"parametric",11,15,"MiGaGa2",415,942,0.0506024096385542,0.418259023354565,0.463000000000001,NA,FALSE
"parametric",11,15,"Ga",383,942,0.0704960835509138,0.37791932059448,0.0840000000000032,NA,FALSE
"parametric",11,15,"limma_BH",290,942,0.0103448275862069,0.304670912951168,0.00400000000000489,NA,FALSE
"parametric",11,20,"GaGa",465,942,0.0473118279569892,0.470276008492569,0.0800000000000054,NA,FALSE
"parametric",11,20,"MiGaGa2",491,942,0.0610997963340122,0.489384288747346,0.426000000000002,NA,FALSE
"parametric",11,20,"Ga",469,942,0.070362473347548,0.462845010615711,0.0889999999999986,NA,FALSE
"parametric",11,20,"limma_BH",372,942,0.0161290322580645,0.388535031847134,0.00500000000000256,NA,FALSE
"parametric",12,5,"GaGa",124,942,0.0725806451612903,0.12208067940552,0.134999999999998,NA,FALSE
"parametric",12,5,"MiGaGa2",145,942,0.0689655172413793,0.143312101910828,0.442999999999998,NA,FALSE
"parametric",12,5,"Ga",135,942,0.0962962962962963,0.129511677282378,0.0910000000000011,NA,FALSE
"parametric",12,5,"limma_BH",37,942,0,0.0392781316348195,0.00300000000000011,NA,FALSE
"parametric",12,10,"GaGa",302,942,0.0596026490066225,0.301486199575372,0.140999999999998,NA,FALSE
"parametric",12,10,"MiGaGa2",340,942,0.0735294117647059,0.334394904458599,0.441000000000003,NA,FALSE
"parametric",12,10,"Ga",303,942,0.0825082508250825,0.295116772823779,0.088000000000001,NA,FALSE
"parametric",12,10,"limma_BH",197,942,0.0355329949238579,0.201698513800425,0.00300000000000011,NA,FALSE
"parametric",12,15,"GaGa",382,942,0.0366492146596859,0.390658174097665,0.078000000000003,NA,FALSE
"parametric",12,15,"MiGaGa2",404,942,0.0569306930693069,0.404458598726115,0.414000000000001,NA,FALSE
"parametric",12,15,"Ga",383,942,0.0626631853785901,0.381104033970276,0.0850000000000009,NA,FALSE
"parametric",12,15,"limma_BH",291,942,0.0274914089347079,0.300424628450106,0.00399999999999778,NA,FALSE
"parametric",12,20,"GaGa",480,942,0.0604166666666667,0.478768577494692,0.0799999999999983,NA,FALSE
"parametric",12,20,"MiGaGa2",502,942,0.0617529880478088,0.5,0.454999999999998,NA,FALSE
"parametric",12,20,"Ga",468,942,0.0641025641025641,0.464968152866242,0.0920000000000059,NA,FALSE
"parametric",12,20,"limma_BH",399,942,0.0325814536340852,0.409766454352442,0.00399999999999778,NA,FALSE
"parametric",13,5,"GaGa",103,942,0.00970873786407767,0.10828025477707,0.140999999999998,NA,FALSE
"parametric",13,5,"MiGaGa2",113,942,0.0176991150442478,0.117834394904459,0.424,NA,FALSE
"parametric",13,5,"Ga",112,942,0.0357142857142857,0.114649681528662,0.0919999999999987,NA,FALSE
"parametric",13,5,"limma_BH",25,942,0,0.0265392781316348,0.00300000000000011,NA,FALSE
"parametric",13,10,"GaGa",265,942,0.0339622641509434,0.271762208067941,0.137,NA,FALSE
"parametric",13,10,"MiGaGa2",280,942,0.0428571428571429,0.284501061571125,0.427999999999997,NA,FALSE
"parametric",13,10,"Ga",271,942,0.040590405904059,0.276008492569002,0.0900000000000034,NA,FALSE
"parametric",13,10,"limma_BH",175,942,0.0114285714285714,0.183651804670913,0.00399999999999778,NA,FALSE
"parametric",13,15,"GaGa",356,942,0.0449438202247191,0.360934182590234,0.139000000000003,NA,FALSE
"parametric",13,15,"MiGaGa2",368,942,0.0434782608695652,0.373673036093418,0.427,NA,FALSE
"parametric",13,15,"Ga",359,942,0.0612813370473538,0.357749469214437,0.0860000000000056,NA,FALSE
"parametric",13,15,"limma_BH",272,942,0.0257352941176471,0.281316348195329,0.00300000000000011,NA,FALSE
"parametric",13,20,"GaGa",432,942,0.0416666666666667,0.439490445859873,0.0820000000000007,NA,FALSE
"parametric",13,20,"MiGaGa2",441,942,0.0430839002267574,0.447983014861996,0.420999999999999,NA,FALSE
"parametric",13,20,"Ga",428,942,0.0607476635514019,0.426751592356688,0.0890000000000057,NA,FALSE
"parametric",13,20,"limma_BH",361,942,0.0249307479224377,0.373673036093418,0.00399999999999778,NA,FALSE
"parametric",14,5,"GaGa",85,942,0.0588235294117647,0.0849256900212314,0.140000000000001,NA,FALSE
"parametric",14,5,"MiGaGa2",93,942,0.0860215053763441,0.0902335456475584,0.418999999999997,NA,FALSE
"parametric",14,5,"Ga",103,942,0.0679611650485437,0.101910828025478,0.107999999999997,NA,FALSE
"parametric",14,5,"limma_BH",15,942,0,0.0159235668789809,0.00300000000000011,NA,FALSE
"parametric",14,10,"GaGa",260,942,0.0461538461538462,0.263269639065817,0.140999999999998,NA,FALSE
"parametric",14,10,"MiGaGa2",282,942,0.0567375886524823,0.282377919320594,0.458999999999996,NA,FALSE
"parametric",14,10,"Ga",253,942,0.0513833992094862,0.254777070063694,0.0949999999999989,NA,FALSE
"parametric",14,10,"limma_BH",163,942,0.00613496932515337,0.171974522292994,0.00399999999999778,NA,FALSE
"parametric",14,15,"GaGa",353,942,0.0453257790368272,0.357749469214437,0.144999999999996,NA,FALSE
"parametric",14,15,"MiGaGa2",374,942,0.053475935828877,0.375796178343949,0.433999999999997,NA,FALSE
"parametric",14,15,"Ga",341,942,0.0586510263929619,0.340764331210191,0.088000000000001,NA,FALSE
"parametric",14,15,"limma_BH",271,942,0.025830258302583,0.280254777070064,0.00399999999999778,NA,FALSE
"parametric",14,20,"GaGa",424,942,0.0424528301886792,0.43099787685775,0.0829999999999984,NA,FALSE
"parametric",14,20,"MiGaGa2",446,942,0.0538116591928251,0.447983014861996,0.443000000000005,NA,FALSE
"parametric",14,20,"Ga",418,942,0.0454545454545455,0.423566878980892,0.0910000000000011,NA,FALSE
"parametric",14,20,"limma_BH",345,942,0.0144927536231884,0.360934182590234,0.00399999999999778,NA,FALSE
"parametric",15,5,"GaGa",72,942,0.0555555555555556,0.0721868365180467,0.155000000000001,NA,FALSE
"parametric",15,5,"MiGaGa2",81,942,0.0493827160493827,0.0817409766454352,0.419000000000004,NA,FALSE
"parametric",15,5,"Ga",82,942,0.0853658536585366,0.0796178343949045,0.095000000000006,NA,FALSE
"parametric",15,5,"limma_BH",22,942,0.0454545454545455,0.0222929936305732,0.00300000000000011,NA,FALSE
"parametric",15,10,"GaGa",226,942,0.0353982300884956,0.231422505307856,0.0840000000000032,NA,FALSE
"parametric",15,10,"MiGaGa2",259,942,0.0463320463320463,0.262208067940552,0.453999999999994,NA,FALSE
"parametric",15,10,"Ga",232,942,0.0517241379310345,0.233545647558386,0.0869999999999962,NA,FALSE
"parametric",15,10,"limma_BH",135,942,0.0296296296296296,0.139065817409766,0.00399999999999778,NA,FALSE
"parametric",15,15,"GaGa",348,942,0.028735632183908,0.358811040339703,0.100000000000001,NA,FALSE
"parametric",15,15,"MiGaGa2",383,942,0.0469973890339426,0.387473460721868,0.435000000000002,NA,FALSE
"parametric",15,15,"Ga",346,942,0.0375722543352601,0.353503184713376,0.088000000000001,NA,FALSE
"parametric",15,15,"limma_BH",265,942,0.0113207547169811,0.278131634819533,0.00399999999999778,NA,FALSE
"parametric",15,20,"GaGa",435,942,0.0436781609195402,0.441613588110403,0.0779999999999959,NA,FALSE
"parametric",15,20,"MiGaGa2",463,942,0.0518358531317495,0.466029723991507,0.427999999999997,NA,FALSE
"parametric",15,20,"Ga",424,942,0.044811320754717,0.429936305732484,0.0829999999999984,NA,FALSE
"parametric",15,20,"limma_BH",356,942,0.0252808988764045,0.368365180467091,0.00300000000000011,NA,FALSE
"parametric",16,5,"GaGa",78,942,0.0256410256410256,0.0806794055201698,0.143999999999998,NA,FALSE
"parametric",16,5,"MiGaGa2",86,942,0.0232558139534884,0.089171974522293,0.401000000000003,NA,FALSE
"parametric",16,5,"Ga",90,942,0.0555555555555556,0.0902335456475584,0.101999999999997,NA,FALSE
"parametric",16,5,"limma_BH",20,942,0.05,0.0201698513800425,0.00399999999999778,NA,FALSE
"parametric",16,10,"GaGa",268,942,0.0559701492537313,0.268577494692144,0.0840000000000032,NA,FALSE
"parametric",16,10,"MiGaGa2",307,942,0.0781758957654723,0.300424628450106,0.469999999999999,NA,FALSE
"parametric",16,10,"Ga",264,942,0.0757575757575758,0.259023354564756,0.0889999999999986,NA,FALSE
"parametric",16,10,"limma_BH",179,942,0.0167597765363128,0.186836518046709,0.00399999999999778,NA,FALSE
"parametric",16,15,"GaGa",385,942,0.038961038961039,0.392781316348195,0.0829999999999984,NA,FALSE
"parametric",16,15,"MiGaGa2",420,942,0.0547619047619048,0.421443736730361,0.480000000000004,NA,FALSE
"parametric",16,15,"Ga",379,942,0.050131926121372,0.382165605095541,0.0939999999999941,NA,FALSE
"parametric",16,15,"limma_BH",306,942,0.0196078431372549,0.318471337579618,0.00400000000000489,NA,FALSE
"parametric",16,20,"GaGa",454,942,0.039647577092511,0.462845010615711,0.140000000000001,NA,FALSE
"parametric",16,20,"MiGaGa2",478,942,0.0523012552301255,0.480891719745223,0.454000000000001,NA,FALSE
"parametric",16,20,"Ga",453,942,0.0618101545253863,0.451167728237792,0.088000000000001,NA,FALSE
"parametric",16,20,"limma_BH",378,942,0.0158730158730159,0.394904458598726,0.00499999999999545,NA,FALSE
"parametric",17,5,"GaGa",113,942,0.0353982300884956,0.115711252653928,0.163000000000004,NA,FALSE
"parametric",17,5,"MiGaGa2",134,942,0.0298507462686567,0.138004246284501,0.475999999999999,NA,FALSE
"parametric",17,5,"Ga",128,942,0.0390625,0.130573248407643,0.0869999999999962,NA,FALSE
"parametric",17,5,"limma_BH",26,942,0.0384615384615385,0.0265392781316348,0.00300000000000011,NA,FALSE
"parametric",17,10,"GaGa",294,942,0.0374149659863946,0.300424628450106,0.139000000000003,NA,FALSE
"parametric",17,10,"MiGaGa2",321,942,0.0529595015576324,0.322717622080679,0.450000000000003,NA,FALSE
"parametric",17,10,"Ga",302,942,0.0529801324503311,0.303609341825902,0.0919999999999987,NA,FALSE
"parametric",17,10,"limma_BH",194,942,0.0206185567010309,0.201698513800425,0.00300000000000011,NA,FALSE
"parametric",17,15,"GaGa",400,942,0.045,0.40552016985138,0.155999999999999,NA,FALSE
"parametric",17,15,"MiGaGa2",425,942,0.0658823529411765,0.421443736730361,0.448,NA,FALSE
"parametric",17,15,"Ga",401,942,0.057356608478803,0.401273885350318,0.088000000000001,NA,FALSE
"parametric",17,15,"limma_BH",292,942,0.0171232876712329,0.304670912951168,0.00500000000000256,NA,FALSE
"parametric",17,20,"GaGa",481,942,0.051975051975052,0.484076433121019,0.080999999999996,NA,FALSE
"parametric",17,20,"MiGaGa2",504,942,0.0634920634920635,0.501061571125265,0.442999999999998,NA,FALSE
"parametric",17,20,"Ga",478,942,0.0460251046025105,0.484076433121019,0.0849999999999937,NA,FALSE
"parametric",17,20,"limma_BH",386,942,0.0284974093264249,0.398089171974522,0.00399999999999778,NA,FALSE
"parametric",18,5,"GaGa",61,942,0.0655737704918033,0.0605095541401274,0.149999999999999,NA,FALSE
"parametric",18,5,"MiGaGa2",71,942,0.0845070422535211,0.0690021231422505,0.405999999999999,NA,FALSE
"parametric",18,5,"Ga",83,942,0.144578313253012,0.0753715498938429,0.141999999999996,NA,FALSE
"parametric",18,5,"limma_BH",13,942,0.0769230769230769,0.0127388535031847,0.00300000000000011,NA,FALSE
"parametric",18,10,"GaGa",226,942,0.0619469026548673,0.225053078556263,0.144999999999996,NA,FALSE
"parametric",18,10,"MiGaGa2",259,942,0.0733590733590734,0.254777070063694,0.439999999999998,NA,FALSE
"parametric",18,10,"Ga",229,942,0.0611353711790393,0.228237791932059,0.0960000000000036,NA,FALSE
"parametric",18,10,"limma_BH",156,942,0.032051282051282,0.160297239915074,0.00400000000000489,NA,FALSE
"parametric",18,15,"GaGa",345,942,0.0608695652173913,0.343949044585987,0.0820000000000007,NA,FALSE
"parametric",18,15,"MiGaGa2",372,942,0.0698924731182796,0.367303609341826,0.427,NA,FALSE
"parametric",18,15,"Ga",346,942,0.0838150289017341,0.33651804670913,0.0910000000000082,NA,FALSE
"parametric",18,15,"limma_BH",279,942,0.028673835125448,0.287685774946921,0.00399999999999068,NA,FALSE
"parametric",18,20,"GaGa",429,942,0.0466200466200466,0.434182590233546,0.0790000000000077,NA,FALSE
"parametric",18,20,"MiGaGa2",450,942,0.0555555555555556,0.451167728237792,0.412999999999997,NA,FALSE
"parametric",18,20,"Ga",425,942,0.0729411764705882,0.418259023354565,0.0910000000000082,NA,FALSE
"parametric",18,20,"limma_BH",360,942,0.0305555555555556,0.370488322717622,0.00400000000000489,NA,FALSE
"parametric",19,5,"GaGa",60,942,0.0333333333333333,0.0615711252653928,0.211999999999989,NA,FALSE
"parametric",19,5,"MiGaGa2",68,942,0.0441176470588235,0.0690021231422505,0.590999999999994,NA,FALSE
"parametric",19,5,"Ga",60,942,0.05,0.0605095541401274,0.092000000000013,NA,FALSE
"parametric",19,5,"limma_BH",7,942,0,0.00743099787685775,0.00300000000000011,NA,FALSE
"parametric",19,10,"GaGa",216,942,0.0509259259259259,0.217622080679406,0.141000000000005,NA,FALSE
"parametric",19,10,"MiGaGa2",237,942,0.0590717299578059,0.236730360934183,0.433999999999997,NA,FALSE
"parametric",19,10,"Ga",213,942,0.0516431924882629,0.214437367303609,0.0870000000000033,NA,FALSE
"parametric",19,10,"limma_BH",148,942,0.0135135135135135,0.154989384288747,0.00300000000000011,NA,FALSE
"parametric",19,15,"GaGa",336,942,0.0357142857142857,0.343949044585987,0.135999999999996,NA,FALSE
"parametric",19,15,"MiGaGa2",358,942,0.053072625698324,0.359872611464968,0.421999999999997,NA,FALSE
"parametric",19,15,"Ga",322,942,0.031055900621118,0.331210191082803,0.0819999999999936,NA,FALSE
"parametric",19,15,"limma_BH",266,942,0.0112781954887218,0.279193205944798,0.00400000000000489,NA,FALSE
"parametric",19,20,"GaGa",413,942,0.0314769975786925,0.424628450106157,0.140999999999991,NA,FALSE
"parametric",19,20,"MiGaGa2",439,942,0.0455580865603645,0.4447983014862,0.412999999999997,NA,FALSE
"parametric",19,20,"Ga",395,942,0.0430379746835443,0.401273885350318,0.0879999999999939,NA,FALSE
"parametric",19,20,"limma_BH",340,942,0.0176470588235294,0.354564755838641,0.00399999999999068,NA,FALSE
"parametric",20,5,"GaGa",59,942,0.101694915254237,0.0562632696390658,0.150999999999996,NA,FALSE
"parametric",20,5,"MiGaGa2",62,942,0.0967741935483871,0.059447983014862,0.385000000000005,NA,FALSE
"parametric",20,5,"Ga",72,942,0.0694444444444444,0.0711252653927813,0.106999999999999,NA,FALSE
"parametric",20,5,"limma_BH",12,942,0.0833333333333333,0.0116772823779193,0.00300000000000011,NA,FALSE
"parametric",20,10,"GaGa",192,942,0.0260416666666667,0.198513800424628,0.141999999999996,NA,FALSE
"parametric",20,10,"MiGaGa2",218,942,0.055045871559633,0.218683651804671,0.418999999999997,NA,FALSE
"parametric",20,10,"Ga",197,942,0.0558375634517767,0.197452229299363,0.0919999999999987,NA,FALSE
"parametric",20,10,"limma_BH",121,942,0.00826446280991736,0.127388535031847,0.0029999999999859,NA,FALSE
"parametric",20,15,"GaGa",307,942,0.0358306188925081,0.314225053078556,0.0810000000000031,NA,FALSE
"parametric",20,15,"MiGaGa2",332,942,0.036144578313253,0.339702760084926,0.412999999999997,NA,FALSE
"parametric",20,15,"Ga",303,942,0.0429042904290429,0.307855626326964,0.0900000000000034,NA,FALSE
"parametric",20,15,"limma_BH",259,942,0.027027027027027,0.267515923566879,0.00399999999999068,NA,FALSE
"parametric",20,20,"GaGa",393,942,0.0432569974554707,0.399150743099788,0.0819999999999936,NA,FALSE
"parametric",20,20,"MiGaGa2",414,942,0.0507246376811594,0.417197452229299,0.411999999999992,NA,FALSE
"parametric",20,20,"Ga",387,942,0.0490956072351421,0.390658174097665,0.0930000000000035,NA,FALSE
"parametric",20,20,"limma_BH",337,942,0.0356083086053412,0.345010615711253,0.00400000000000489,NA,FALSE
"nonparametric",1,5,"GaGa",12,360,0,0.0333333333333333,0.165999999999997,NA,FALSE
"nonparametric",1,5,"MiGaGa2",8,360,0,0.0222222222222222,0.625999999999991,NA,FALSE
"nonparametric",1,5,"Ga",13,360,0,0.0361111111111111,0.113,NA,FALSE
"nonparametric",1,5,"limma_BH",10,360,0,0.0277777777777778,0.00399999999999068,NA,FALSE
"nonparametric",1,10,"GaGa",90,360,0.0222222222222222,0.244444444444444,0.14500000000001,NA,FALSE
"nonparametric",1,10,"MiGaGa2",94,360,0.0212765957446809,0.255555555555556,0.417999999999992,NA,FALSE
"nonparametric",1,10,"Ga",93,360,0.0537634408602151,0.244444444444444,0.100999999999999,NA,FALSE
"nonparametric",1,10,"limma_BH",79,360,0,0.219444444444444,0.00300000000000011,NA,FALSE
"nonparametric",1,15,"GaGa",184,360,0.0380434782608696,0.491666666666667,0.141999999999996,NA,FALSE
"nonparametric",1,15,"MiGaGa2",201,360,0.054726368159204,0.527777777777778,0.401999999999987,NA,FALSE
"nonparametric",1,15,"Ga",182,360,0.0714285714285714,0.469444444444444,0.0919999999999987,NA,FALSE
"nonparametric",1,15,"limma_BH",167,360,0.0359281437125748,0.447222222222222,0.00300000000000011,NA,FALSE
"nonparametric",1,20,"GaGa",275,360,0.0872727272727273,0.697222222222222,0.138999999999996,NA,FALSE
"nonparametric",1,20,"MiGaGa2",290,360,0.096551724137931,0.727777777777778,0.400000000000006,NA,FALSE
"nonparametric",1,20,"Ga",279,360,0.118279569892473,0.683333333333333,0.0990000000000038,NA,FALSE
"nonparametric",1,20,"limma_BH",254,360,0.0511811023622047,0.669444444444444,0.00400000000000489,NA,FALSE
"nonparametric",2,5,"GaGa",95,360,0.347368421052632,0.172222222222222,0.204999999999998,NA,FALSE
"nonparametric",2,5,"MiGaGa2",103,360,0.359223300970874,0.183333333333333,0.561999999999998,NA,FALSE
"nonparametric",2,5,"Ga",91,360,0.362637362637363,0.161111111111111,0.0939999999999941,NA,FALSE
"nonparametric",2,5,"limma_BH",42,360,0.19047619047619,0.0944444444444444,0.00300000000000011,NA,FALSE
"nonparametric",2,10,"GaGa",113,360,0.0353982300884956,0.302777777777778,0.150999999999996,NA,FALSE
"nonparametric",2,10,"MiGaGa2",124,360,0.032258064516129,0.333333333333333,0.412000000000006,NA,FALSE
"nonparametric",2,10,"Ga",116,360,0.0603448275862069,0.302777777777778,0.100999999999999,NA,FALSE
"nonparametric",2,10,"limma_BH",109,360,0.0091743119266055,0.3,0.00300000000000011,NA,FALSE
"nonparametric",2,15,"GaGa",214,360,0.00934579439252336,0.588888888888889,0.140000000000001,NA,FALSE
"nonparametric",2,15,"MiGaGa2",224,360,0.00892857142857143,0.616666666666667,0.430999999999997,NA,FALSE
"nonparametric",2,15,"Ga",205,360,0.024390243902439,0.555555555555556,0.100999999999999,NA,FALSE
"nonparametric",2,15,"limma_BH",198,360,0.0101010101010101,0.544444444444444,0.00399999999999068,NA,FALSE
"nonparametric",2,20,"GaGa",313,360,0.0319488817891374,0.841666666666667,0.159999999999997,NA,FALSE
"nonparametric",2,20,"MiGaGa2",322,360,0.046583850931677,0.852777777777778,0.396000000000001,NA,FALSE
"nonparametric",2,20,"Ga",305,360,0.0360655737704918,0.816666666666667,0.0889999999999986,NA,FALSE
"nonparametric",2,20,"limma_BH",292,360,0.0171232876712329,0.797222222222222,0.00400000000000489,NA,FALSE
"nonparametric",3,5,"GaGa",36,360,0,0.1,0.22699999999999,NA,FALSE
"nonparametric",3,5,"MiGaGa2",36,360,0,0.1,0.780000000000001,NA,FALSE
"nonparametric",3,5,"Ga",40,360,0,0.111111111111111,0.114000000000004,NA,FALSE
"nonparametric",3,5,"limma_BH",23,360,0,0.0638888888888889,0.00300000000000011,NA,FALSE
"nonparametric",3,10,"GaGa",131,360,0.0305343511450382,0.352777777777778,0.146000000000001,NA,FALSE
"nonparametric",3,10,"MiGaGa2",141,360,0.0354609929078014,0.377777777777778,0.409999999999997,NA,FALSE
"nonparametric",3,10,"Ga",131,360,0.0458015267175573,0.347222222222222,0.0949999999999989,NA,FALSE
"nonparametric",3,10,"limma_BH",115,360,0.0173913043478261,0.313888888888889,0.00300000000000011,NA,FALSE
"nonparametric",3,15,"GaGa",241,360,0.0954356846473029,0.605555555555556,0.144000000000005,NA,FALSE
"nonparametric",3,15,"MiGaGa2",260,360,0.107692307692308,0.644444444444444,0.399000000000001,NA,FALSE
"nonparametric",3,15,"Ga",222,360,0.0810810810810811,0.566666666666667,0.0919999999999987,NA,FALSE
"nonparametric",3,15,"limma_BH",217,360,0.0506912442396313,0.572222222222222,0.00399999999999068,NA,FALSE
"nonparametric",3,20,"GaGa",320,360,0.1375,0.766666666666667,0.141000000000005,NA,FALSE
"nonparametric",3,20,"MiGaGa2",343,360,0.169096209912536,0.791666666666667,0.399000000000001,NA,FALSE
"nonparametric",3,20,"Ga",306,360,0.137254901960784,0.733333333333333,0.0929999999999893,NA,FALSE
"nonparametric",3,20,"limma_BH",285,360,0.0947368421052632,0.716666666666667,0.00400000000000489,NA,FALSE
"nonparametric",4,5,"GaGa",42,360,0.0476190476190476,0.111111111111111,0.170000000000002,NA,FALSE
"nonparametric",4,5,"MiGaGa2",37,360,0.027027027027027,0.1,0.431999999999988,NA,FALSE
"nonparametric",4,5,"Ga",45,360,0.0222222222222222,0.122222222222222,0.159999999999997,NA,FALSE
"nonparametric",4,5,"limma_BH",21,360,0,0.0583333333333333,0.00300000000000011,NA,FALSE
"nonparametric",4,10,"GaGa",157,360,0.089171974522293,0.397222222222222,0.159000000000006,NA,FALSE
"nonparametric",4,10,"MiGaGa2",176,360,0.119318181818182,0.430555555555556,0.579000000000008,NA,FALSE
"nonparametric",4,10,"Ga",171,360,0.0994152046783626,0.427777777777778,0.100999999999999,NA,FALSE
"nonparametric",4,10,"limma_BH",119,360,0.0840336134453782,0.302777777777778,0.00400000000000489,NA,FALSE
"nonparametric",4,15,"GaGa",220,360,0,0.611111111111111,0.13900000000001,NA,FALSE
"nonparametric",4,15,"MiGaGa2",223,360,0.00448430493273543,0.616666666666667,0.774000000000001,NA,FALSE
"nonparametric",4,15,"Ga",224,360,0.00446428571428571,0.619444444444444,0.0969999999999942,NA,FALSE
"nonparametric",4,15,"limma_BH",207,360,0.00483091787439614,0.572222222222222,0.00399999999999068,NA,FALSE
"nonparametric",4,20,"GaGa",276,360,0.0181159420289855,0.752777777777778,0.138999999999996,NA,FALSE
"nonparametric",4,20,"MiGaGa2",285,360,0.0280701754385965,0.769444444444444,0.408999999999992,NA,FALSE
"nonparametric",4,20,"Ga",282,360,0.0354609929078014,0.755555555555556,0.102999999999994,NA,FALSE
"nonparametric",4,20,"limma_BH",265,360,0.0113207547169811,0.727777777777778,0.00399999999999068,NA,FALSE
"nonparametric",5,5,"GaGa",73,360,0.0958904109589041,0.183333333333333,0.209000000000003,NA,FALSE
"nonparametric",5,5,"MiGaGa2",78,360,0.0897435897435897,0.197222222222222,0.562000000000012,NA,FALSE
"nonparametric",5,5,"Ga",69,360,0.101449275362319,0.172222222222222,0.101000000000013,NA,FALSE
"nonparametric",5,5,"limma_BH",41,360,0.0731707317073171,0.105555555555556,0.00300000000000011,NA,FALSE
"nonparametric",5,10,"GaGa",136,360,0.0147058823529412,0.372222222222222,0.143000000000001,NA,FALSE
"nonparametric",5,10,"MiGaGa2",141,360,0.0141843971631206,0.386111111111111,0.415999999999997,NA,FALSE
"nonparametric",5,10,"Ga",133,360,0.0300751879699248,0.358333333333333,0.0990000000000038,NA,FALSE
"nonparametric",5,10,"limma_BH",135,360,0.0148148148148148,0.369444444444444,0.00300000000000011,NA,FALSE
"nonparametric",5,15,"GaGa",223,360,0,0.619444444444444,0.13900000000001,NA,FALSE
"nonparametric",5,15,"MiGaGa2",229,360,0,0.636111111111111,0.409999999999997,NA,FALSE
"nonparametric",5,15,"Ga",220,360,0.00909090909090909,0.605555555555556,0.0930000000000035,NA,FALSE
"nonparametric",5,15,"limma_BH",218,360,0,0.605555555555556,0.00300000000000011,NA,FALSE
"nonparametric",5,20,"GaGa",283,360,0.0141342756183746,0.775,0.144000000000005,NA,FALSE
"nonparametric",5,20,"MiGaGa2",289,360,0.0103806228373702,0.794444444444444,0.408000000000001,NA,FALSE
"nonparametric",5,20,"Ga",277,360,0.0324909747292419,0.744444444444444,0.12299999999999,NA,FALSE
"nonparametric",5,20,"limma_BH",267,360,0,0.741666666666667,0.00400000000000489,NA,FALSE
"nonparametric",6,5,"GaGa",64,360,0.171875,0.147222222222222,0.209000000000003,NA,FALSE
"nonparametric",6,5,"MiGaGa2",72,360,0.180555555555556,0.163888888888889,0.554999999999993,NA,FALSE
"nonparametric",6,5,"Ga",60,360,0.183333333333333,0.136111111111111,0.149000000000001,NA,FALSE
"nonparametric",6,5,"limma_BH",32,360,0.1875,0.0722222222222222,0.00300000000000011,NA,FALSE
"nonparametric",6,10,"GaGa",126,360,0.103174603174603,0.313888888888889,0.143000000000001,NA,FALSE
"nonparametric",6,10,"MiGaGa2",143,360,0.132867132867133,0.344444444444444,0.391000000000005,NA,FALSE
"nonparametric",6,10,"Ga",126,360,0.111111111111111,0.311111111111111,0.0949999999999989,NA,FALSE
"nonparametric",6,10,"limma_BH",93,360,0.0752688172043011,0.238888888888889,0.00400000000000489,NA,FALSE
"nonparametric",6,15,"GaGa",268,360,0.201492537313433,0.594444444444444,0.146000000000001,NA,FALSE
"nonparametric",6,15,"MiGaGa2",302,360,0.211920529801325,0.661111111111111,0.39200000000001,NA,FALSE
"nonparametric",6,15,"Ga",271,360,0.236162361623616,0.575,0.083999999999989,NA,FALSE
"nonparametric",6,15,"limma_BH",222,360,0.121621621621622,0.541666666666667,0.00400000000000489,NA,FALSE
"nonparametric",6,20,"GaGa",282,360,0.0673758865248227,0.730555555555556,0.14200000000001,NA,FALSE
"nonparametric",6,20,"MiGaGa2",292,360,0.0787671232876712,0.747222222222222,0.406999999999996,NA,FALSE
"nonparametric",6,20,"Ga",278,360,0.10431654676259,0.691666666666667,0.0989999999999895,NA,FALSE
"nonparametric",6,20,"limma_BH",249,360,0.0401606425702811,0.663888888888889,0.00400000000000489,NA,FALSE
"nonparametric",7,5,"GaGa",29,360,0,0.0805555555555556,0.168000000000006,NA,FALSE
"nonparametric",7,5,"MiGaGa2",27,360,0,0.075,0.609999999999999,NA,FALSE
"nonparametric",7,5,"Ga",34,360,0,0.0944444444444444,0.103000000000009,NA,FALSE
"nonparametric",7,5,"limma_BH",27,360,0,0.075,0.00300000000000011,NA,FALSE
"nonparametric",7,10,"GaGa",121,360,0.00826446280991736,0.333333333333333,0.143000000000001,NA,FALSE
"nonparametric",7,10,"MiGaGa2",136,360,0.0220588235294118,0.369444444444444,0.587999999999994,NA,FALSE
"nonparametric",7,10,"Ga",125,360,0.056,0.327777777777778,0.106999999999999,NA,FALSE
"nonparametric",7,10,"limma_BH",120,360,0.0166666666666667,0.327777777777778,0.00400000000000489,NA,FALSE
"nonparametric",7,15,"GaGa",201,360,0,0.558333333333333,0.141999999999996,NA,FALSE
"nonparametric",7,15,"MiGaGa2",209,360,0,0.580555555555556,0.409999999999997,NA,FALSE
"nonparametric",7,15,"Ga",188,360,0.00531914893617021,0.519444444444444,0.0939999999999941,NA,FALSE
"nonparametric",7,15,"limma_BH",191,360,0,0.530555555555556,0.00400000000000489,NA,FALSE
"nonparametric",7,20,"GaGa",240,360,0,0.666666666666667,0.141999999999996,NA,FALSE
"nonparametric",7,20,"MiGaGa2",248,360,0,0.688888888888889,0.408000000000001,NA,FALSE
"nonparametric",7,20,"Ga",224,360,0.0133928571428571,0.613888888888889,0.116,NA,FALSE
"nonparametric",7,20,"limma_BH",221,360,0,0.613888888888889,0.00600000000000023,NA,FALSE
"nonparametric",8,5,"GaGa",0,360,0,0,0.0970000000000084,"Parameter estimates not available. Use function parest first.",TRUE
"nonparametric",8,5,"MiGaGa2",0,360,0,0,0.25200000000001,"Parameter estimates not available. Use function parest first.",TRUE
"nonparametric",8,5,"Ga",239,360,0.472803347280335,0.35,0.097999999999999,NA,FALSE
"nonparametric",8,5,"limma_BH",106,360,0.367924528301887,0.186111111111111,0.00499999999999545,NA,FALSE
"nonparametric",8,10,"GaGa",232,360,0.189655172413793,0.522222222222222,0.162999999999997,NA,FALSE
"nonparametric",8,10,"MiGaGa2",258,360,0.22093023255814,0.558333333333333,0.584999999999994,NA,FALSE
"nonparametric",8,10,"Ga",234,360,0.222222222222222,0.505555555555556,0.0930000000000035,NA,FALSE
"nonparametric",8,10,"limma_BH",189,360,0.142857142857143,0.45,0.00300000000000011,NA,FALSE
"nonparametric",8,15,"GaGa",288,360,0.15625,0.675,0.138999999999996,NA,FALSE
"nonparametric",8,15,"MiGaGa2",306,360,0.173202614379085,0.702777777777778,0.417000000000002,NA,FALSE
"nonparametric",8,15,"Ga",282,360,0.170212765957447,0.65,0.116,NA,FALSE
"nonparametric",8,15,"limma_BH",250,360,0.088,0.633333333333333,0.00300000000000011,NA,FALSE
"nonparametric",8,20,"GaGa",336,360,0.175595238095238,0.769444444444444,0.140000000000001,NA,FALSE
"nonparametric",8,20,"MiGaGa2",351,360,0.188034188034188,0.791666666666667,0.378999999999991,NA,FALSE
"nonparametric",8,20,"Ga",322,360,0.167701863354037,0.744444444444444,0.0889999999999986,NA,FALSE
"nonparametric",8,20,"limma_BH",301,360,0.109634551495017,0.744444444444444,0.00400000000000489,NA,FALSE
"nonparametric",9,5,"GaGa",52,360,0.134615384615385,0.125,0.236999999999995,NA,FALSE
"nonparametric",9,5,"MiGaGa2",55,360,0.163636363636364,0.127777777777778,0.61099999999999,NA,FALSE
"nonparametric",9,5,"Ga",50,360,0.1,0.125,0.108000000000004,NA,FALSE
"nonparametric",9,5,"limma_BH",41,360,0.170731707317073,0.0944444444444444,0.00400000000000489,NA,FALSE
"nonparametric",9,10,"GaGa",166,360,0.13855421686747,0.397222222222222,0.141999999999996,NA,FALSE
"nonparametric",9,10,"MiGaGa2",181,360,0.138121546961326,0.433333333333333,0.391000000000005,NA,FALSE
"nonparametric",9,10,"Ga",162,360,0.135802469135802,0.388888888888889,0.0930000000000035,NA,FALSE
"nonparametric",9,10,"limma_BH",149,360,0.0805369127516778,0.380555555555556,0.00400000000000489,NA,FALSE
"nonparametric",9,15,"GaGa",302,360,0.122516556291391,0.736111111111111,0.140000000000001,NA,FALSE
"nonparametric",9,15,"MiGaGa2",324,360,0.138888888888889,0.775,0.432000000000002,NA,FALSE
"nonparametric",9,15,"Ga",296,360,0.152027027027027,0.697222222222222,0.157999999999987,NA,FALSE
"nonparametric",9,15,"limma_BH",260,360,0.0730769230769231,0.669444444444444,0.00399999999999068,NA,FALSE
"nonparametric",9,20,"GaGa",354,360,0.129943502824859,0.855555555555556,0.138999999999996,NA,FALSE
"nonparametric",9,20,"MiGaGa2",371,360,0.148247978436658,0.877777777777778,0.397999999999996,NA,FALSE
"nonparametric",9,20,"Ga",353,360,0.1671388101983,0.816666666666667,0.109999999999999,NA,FALSE
"nonparametric",9,20,"limma_BH",308,360,0.0844155844155844,0.783333333333333,0.00500000000000966,NA,FALSE
"nonparametric",10,5,"GaGa",96,360,0.34375,0.175,0.155000000000001,NA,FALSE
"nonparametric",10,5,"MiGaGa2",121,360,0.371900826446281,0.211111111111111,0.620999999999995,NA,FALSE
"nonparametric",10,5,"Ga",92,360,0.33695652173913,0.169444444444444,0.100000000000009,NA,FALSE
"nonparametric",10,5,"limma_BH",32,360,0.28125,0.0638888888888889,0.00300000000000011,NA,FALSE
"nonparametric",10,10,"GaGa",169,360,0.0828402366863905,0.430555555555556,0.143999999999991,NA,FALSE
"nonparametric",10,10,"MiGaGa2",190,360,0.115789473684211,0.466666666666667,0.445000000000007,NA,FALSE
"nonparametric",10,10,"Ga",163,360,0.116564417177914,0.4,0.106999999999999,NA,FALSE
"nonparametric",10,10,"limma_BH",145,360,0.0758620689655172,0.372222222222222,0.00300000000000011,NA,FALSE
"nonparametric",10,15,"GaGa",242,360,0.012396694214876,0.663888888888889,0.150000000000006,NA,FALSE
"nonparametric",10,15,"MiGaGa2",250,360,0.016,0.683333333333333,0.412999999999997,NA,FALSE
"nonparametric",10,15,"Ga",234,360,0.0213675213675214,0.636111111111111,0.155000000000001,NA,FALSE
"nonparametric",10,15,"limma_BH",219,360,0,0.608333333333333,0.00400000000000489,NA,FALSE
"nonparametric",10,20,"GaGa",294,360,0.0272108843537415,0.794444444444444,0.141000000000005,NA,FALSE
"nonparametric",10,20,"MiGaGa2",301,360,0.0365448504983389,0.805555555555556,0.399000000000001,NA,FALSE
"nonparametric",10,20,"Ga",279,360,0.039426523297491,0.744444444444444,0.097999999999999,NA,FALSE
"nonparametric",10,20,"limma_BH",274,360,0.0145985401459854,0.75,0.00400000000000489,NA,FALSE
"nonparametric",11,5,"GaGa",49,360,0.0204081632653061,0.133333333333333,0.200000000000003,NA,FALSE
"nonparametric",11,5,"MiGaGa2",52,360,0.0192307692307692,0.141666666666667,0.578999999999994,NA,FALSE
"nonparametric",11,5,"Ga",48,360,0.0208333333333333,0.130555555555556,0.0999999999999943,NA,FALSE
"nonparametric",11,5,"limma_BH",44,360,0,0.122222222222222,0.00300000000000011,NA,FALSE
"nonparametric",11,10,"GaGa",214,360,0.130841121495327,0.516666666666667,0.146000000000001,NA,FALSE
"nonparametric",11,10,"MiGaGa2",227,360,0.136563876651982,0.544444444444444,0.631,NA,FALSE
"nonparametric",11,10,"Ga",205,360,0.141463414634146,0.488888888888889,0.124000000000009,NA,FALSE
"nonparametric",11,10,"limma_BH",195,360,0.0717948717948718,0.502777777777778,0.00300000000000011,NA,FALSE
"nonparametric",11,15,"GaGa",323,360,0.18266253869969,0.733333333333333,0.180000000000007,NA,FALSE
"nonparametric",11,15,"MiGaGa2",341,360,0.205278592375367,0.752777777777778,0.496000000000009,NA,FALSE
"nonparametric",11,15,"Ga",315,360,0.196825396825397,0.702777777777778,0.097999999999999,NA,FALSE
"nonparametric",11,15,"limma_BH",262,360,0.099236641221374,0.655555555555556,0.00399999999999068,NA,FALSE
"nonparametric",11,20,"GaGa",342,360,0.157894736842105,0.8,0.159999999999997,NA,FALSE
"nonparametric",11,20,"MiGaGa2",358,360,0.173184357541899,0.822222222222222,0.441000000000003,NA,FALSE
"nonparametric",11,20,"Ga",331,360,0.175226586102719,0.758333333333333,0.0949999999999989,NA,FALSE
"nonparametric",11,20,"limma_BH",294,360,0.0884353741496599,0.744444444444444,0.00600000000000023,NA,FALSE
"nonparametric",12,5,"GaGa",83,360,0.156626506024096,0.194444444444444,0.355000000000004,NA,FALSE
"nonparametric",12,5,"MiGaGa2",0,360,0,0,0.609000000000009,"Parameter estimates not available. Use function parest first.",TRUE
"nonparametric",12,5,"Ga",79,360,0.151898734177215,0.186111111111111,0.100000000000009,NA,FALSE
"nonparametric",12,5,"limma_BH",52,360,0.0576923076923077,0.136111111111111,0.00400000000000489,NA,FALSE
"nonparametric",12,10,"GaGa",199,360,0.160804020100503,0.463888888888889,0.160000000000011,NA,FALSE
"nonparametric",12,10,"MiGaGa2",219,360,0.17351598173516,0.502777777777778,0.450999999999993,NA,FALSE
"nonparametric",12,10,"Ga",192,360,0.1875,0.433333333333333,0.0990000000000038,NA,FALSE
"nonparametric",12,10,"limma_BH",161,360,0.0993788819875776,0.402777777777778,0.00900000000000034,NA,FALSE
"nonparametric",12,15,"GaGa",235,360,0.0212765957446809,0.638888888888889,0.166000000000011,NA,FALSE
"nonparametric",12,15,"MiGaGa2",248,360,0.0362903225806452,0.663888888888889,0.445000000000007,NA,FALSE
"nonparametric",12,15,"Ga",234,360,0.0683760683760684,0.605555555555556,0.176000000000002,NA,FALSE
"nonparametric",12,15,"limma_BH",217,360,0.0230414746543779,0.588888888888889,0.00400000000000489,NA,FALSE
"nonparametric",12,20,"GaGa",295,360,0.0203389830508475,0.802777777777778,0.141999999999996,NA,FALSE
"nonparametric",12,20,"MiGaGa2",303,360,0.0264026402640264,0.819444444444444,0.436000000000007,NA,FALSE
"nonparametric",12,20,"Ga",287,360,0.0452961672473868,0.761111111111111,0.097999999999999,NA,FALSE
"nonparametric",12,20,"limma_BH",275,360,0.00363636363636364,0.761111111111111,0.00400000000000489,NA,FALSE
"nonparametric",13,5,"GaGa",48,360,0,0.133333333333333,0.165000000000006,NA,FALSE
"nonparametric",13,5,"MiGaGa2",50,360,0.02,0.136111111111111,0.621000000000009,NA,FALSE
"nonparametric",13,5,"Ga",48,360,0.0208333333333333,0.130555555555556,0.170000000000002,NA,FALSE
"nonparametric",13,5,"limma_BH",35,360,0,0.0972222222222222,0.00300000000000011,NA,FALSE
"nonparametric",13,10,"GaGa",123,360,0.00813008130081301,0.338888888888889,0.179000000000002,NA,FALSE
"nonparametric",13,10,"MiGaGa2",131,360,0.00763358778625954,0.361111111111111,0.531999999999996,NA,FALSE
"nonparametric",13,10,"Ga",116,360,0.0431034482758621,0.308333333333333,0.125,NA,FALSE
"nonparametric",13,10,"limma_BH",123,360,0.016260162601626,0.336111111111111,0.00500000000000966,NA,FALSE
"nonparametric",13,15,"GaGa",204,360,0,0.566666666666667,0.147999999999996,NA,FALSE
"nonparametric",13,15,"MiGaGa2",214,360,0,0.594444444444444,0.417000000000002,NA,FALSE
"nonparametric",13,15,"Ga",190,360,0.00526315789473684,0.525,0.097999999999999,NA,FALSE
"nonparametric",13,15,"limma_BH",183,360,0,0.508333333333333,0.00400000000000489,NA,FALSE
"nonparametric",13,20,"GaGa",267,360,0.0262172284644195,0.722222222222222,0.146999999999991,NA,FALSE
"nonparametric",13,20,"MiGaGa2",280,360,0.025,0.758333333333333,0.40100000000001,NA,FALSE
"nonparametric",13,20,"Ga",261,360,0.0344827586206897,0.7,0.0970000000000084,NA,FALSE
"nonparametric",13,20,"limma_BH",244,360,0.0040983606557377,0.675,0.00400000000000489,NA,FALSE
"nonparametric",14,5,"GaGa",82,360,0.329268292682927,0.152777777777778,0.23299999999999,NA,FALSE
"nonparametric",14,5,"MiGaGa2",91,360,0.340659340659341,0.166666666666667,0.834999999999994,NA,FALSE
"nonparametric",14,5,"Ga",88,360,0.363636363636364,0.155555555555556,0.119,NA,FALSE
"nonparametric",14,5,"limma_BH",47,360,0.276595744680851,0.0944444444444444,0.00300000000000011,NA,FALSE
"nonparametric",14,10,"GaGa",210,360,0.138095238095238,0.502777777777778,0.140999999999991,NA,FALSE
"nonparametric",14,10,"MiGaGa2",230,360,0.160869565217391,0.536111111111111,0.396000000000001,NA,FALSE
"nonparametric",14,10,"Ga",218,360,0.169724770642202,0.502777777777778,0.0949999999999989,NA,FALSE
"nonparametric",14,10,"limma_BH",164,360,0.0731707317073171,0.422222222222222,0.00399999999999068,NA,FALSE
"nonparametric",14,15,"GaGa",289,360,0.0934256055363322,0.727777777777778,0.14200000000001,NA,FALSE
"nonparametric",14,15,"MiGaGa2",303,360,0.102310231023102,0.755555555555556,0.409000000000006,NA,FALSE
"nonparametric",14,15,"Ga",286,360,0.132867132867133,0.688888888888889,0.171999999999997,NA,FALSE
"nonparametric",14,15,"limma_BH",259,360,0.0347490347490347,0.694444444444444,0.00400000000000489,NA,FALSE
"nonparametric",14,20,"GaGa",331,360,0.0634441087613293,0.861111111111111,0.141000000000005,NA,FALSE
"nonparametric",14,20,"MiGaGa2",343,360,0.0728862973760933,0.883333333333333,0.39500000000001,NA,FALSE
"nonparametric",14,20,"Ga",320,360,0.078125,0.819444444444444,0.106999999999999,NA,FALSE
"nonparametric",14,20,"limma_BH",303,360,0.0231023102310231,0.822222222222222,0.00499999999999545,NA,FALSE
"nonparametric",15,5,"GaGa",81,360,0.0617283950617284,0.211111111111111,0.209999999999994,NA,FALSE
"nonparametric",15,5,"MiGaGa2",84,360,0.0714285714285714,0.216666666666667,0.61099999999999,NA,FALSE
"nonparametric",15,5,"Ga",77,360,0.051948051948052,0.202777777777778,0.102000000000004,NA,FALSE
"nonparametric",15,5,"limma_BH",72,360,0.0277777777777778,0.194444444444444,0.00300000000001432,NA,FALSE
"nonparametric",15,10,"GaGa",221,360,0.0723981900452489,0.569444444444444,0.16500000000002,NA,FALSE
"nonparametric",15,10,"MiGaGa2",236,360,0.0974576271186441,0.591666666666667,0.777999999999992,NA,FALSE
"nonparametric",15,10,"Ga",209,360,0.105263157894737,0.519444444444444,0.0980000000000132,NA,FALSE
"nonparametric",15,10,"limma_BH",185,360,0.0486486486486487,0.488888888888889,0.00300000000001432,NA,FALSE
"nonparametric",15,15,"GaGa",347,360,0.207492795389049,0.763888888888889,0.141999999999996,NA,FALSE
"nonparametric",15,15,"MiGaGa2",380,360,0.247368421052632,0.794444444444444,0.415999999999997,NA,FALSE
"nonparametric",15,15,"Ga",335,360,0.247761194029851,0.7,0.103999999999985,NA,FALSE
"nonparametric",15,15,"limma_BH",301,360,0.13953488372093,0.719444444444444,0.00399999999999068,NA,FALSE
"nonparametric",15,20,"GaGa",420,360,0.254761904761905,0.869444444444444,0.140999999999991,NA,FALSE
"nonparametric",15,20,"MiGaGa2",456,360,0.296052631578947,0.891666666666667,0.49799999999999,NA,FALSE
"nonparametric",15,20,"Ga",422,360,0.281990521327014,0.841666666666667,0.089999999999975,NA,FALSE
"nonparametric",15,20,"limma_BH",343,360,0.14868804664723,0.811111111111111,0.00500000000002387,NA,FALSE
"nonparametric",16,5,"GaGa",35,360,0.0571428571428571,0.0916666666666667,0.308999999999997,NA,FALSE
"nonparametric",16,5,"MiGaGa2",36,360,0.0555555555555556,0.0944444444444444,0.645999999999987,NA,FALSE
"nonparametric",16,5,"Ga",33,360,0.0606060606060606,0.0861111111111111,0.134000000000015,NA,FALSE
"nonparametric",16,5,"limma_BH",25,360,0.04,0.0666666666666667,0.00499999999999545,NA,FALSE
"nonparametric",16,10,"GaGa",116,360,0.0862068965517241,0.294444444444444,0.188999999999993,NA,FALSE
"nonparametric",16,10,"MiGaGa2",129,360,0.116279069767442,0.316666666666667,0.443999999999988,NA,FALSE
"nonparametric",16,10,"Ga",130,360,0.115384615384615,0.319444444444444,0.113,NA,FALSE
"nonparametric",16,10,"limma_BH",99,360,0.0303030303030303,0.266666666666667,0.00300000000001432,NA,FALSE
"nonparametric",16,15,"GaGa",228,360,0.105263157894737,0.566666666666667,0.140999999999991,NA,FALSE
"nonparametric",16,15,"MiGaGa2",250,360,0.12,0.611111111111111,0.394999999999982,NA,FALSE
"nonparametric",16,15,"Ga",241,360,0.141078838174274,0.575,0.103999999999985,NA,FALSE
"nonparametric",16,15,"limma_BH",202,360,0.099009900990099,0.505555555555556,0.00300000000001432,NA,FALSE
"nonparametric",16,20,"GaGa",280,360,0.0571428571428571,0.733333333333333,0.15100000000001,NA,FALSE
"nonparametric",16,20,"MiGaGa2",293,360,0.0750853242320819,0.752777777777778,0.442000000000007,NA,FALSE
"nonparametric",16,20,"Ga",290,360,0.096551724137931,0.727777777777778,0.111999999999995,NA,FALSE
"nonparametric",16,20,"limma_BH",247,360,0.0364372469635627,0.661111111111111,0.00499999999999545,NA,FALSE
"nonparametric",17,5,"GaGa",94,360,0.287234042553192,0.186111111111111,0.334000000000003,NA,FALSE
"nonparametric",17,5,"MiGaGa2",104,360,0.298076923076923,0.202777777777778,0.551999999999992,NA,FALSE
"nonparametric",17,5,"Ga",94,360,0.276595744680851,0.188888888888889,0.0930000000000177,NA,FALSE
"nonparametric",17,5,"limma_BH",47,360,0.234042553191489,0.1,0.00300000000001432,NA,FALSE
"nonparametric",17,10,"GaGa",139,360,0.107913669064748,0.344444444444444,0.156000000000006,NA,FALSE
"nonparametric",17,10,"MiGaGa2",153,360,0.117647058823529,0.375,0.413999999999987,NA,FALSE
"nonparametric",17,10,"Ga",151,360,0.172185430463576,0.347222222222222,0.0989999999999895,NA,FALSE
"nonparametric",17,10,"limma_BH",108,360,0.0277777777777778,0.291666666666667,0.00499999999999545,NA,FALSE
"nonparametric",17,15,"GaGa",178,360,0,0.494444444444444,0.144000000000005,NA,FALSE
"nonparametric",17,15,"MiGaGa2",190,360,0,0.527777777777778,0.414000000000016,NA,FALSE
"nonparametric",17,15,"Ga",177,360,0.0338983050847458,0.475,0.0989999999999895,NA,FALSE
"nonparametric",17,15,"limma_BH",172,360,0,0.477777777777778,0.0029999999999859,NA,FALSE
"nonparametric",17,20,"GaGa",238,360,0.00420168067226891,0.658333333333333,0.144999999999982,NA,FALSE
"nonparametric",17,20,"MiGaGa2",248,360,0.00403225806451613,0.686111111111111,0.453999999999979,NA,FALSE
"nonparametric",17,20,"Ga",226,360,0.0132743362831858,0.619444444444444,0.105999999999995,NA,FALSE
"nonparametric",17,20,"limma_BH",226,360,0,0.627777777777778,0.00399999999999068,NA,FALSE
"nonparametric",18,5,"GaGa",76,360,0.171052631578947,0.175,0.254999999999995,NA,FALSE
"nonparametric",18,5,"MiGaGa2",85,360,0.188235294117647,0.191666666666667,0.620999999999981,NA,FALSE
"nonparametric",18,5,"Ga",70,360,0.114285714285714,0.172222222222222,0.0960000000000036,NA,FALSE
"nonparametric",18,5,"limma_BH",67,360,0.104477611940299,0.166666666666667,0.00399999999999068,NA,FALSE
"nonparametric",18,10,"GaGa",196,360,0.0459183673469388,0.519444444444444,0.146000000000015,NA,FALSE
"nonparametric",18,10,"MiGaGa2",207,360,0.072463768115942,0.533333333333333,0.437999999999988,NA,FALSE
"nonparametric",18,10,"Ga",175,360,0.0457142857142857,0.463888888888889,0.113999999999976,NA,FALSE
"nonparametric",18,10,"limma_BH",186,360,0.021505376344086,0.505555555555556,0.00499999999999545,NA,FALSE
"nonparametric",18,15,"GaGa",257,360,0.00778210116731518,0.708333333333333,0.142999999999972,NA,FALSE
"nonparametric",18,15,"MiGaGa2",264,360,0.0113636363636364,0.725,0.451999999999998,NA,FALSE
"nonparametric",18,15,"Ga",237,360,0.00843881856540084,0.652777777777778,0.110000000000014,NA,FALSE
"nonparametric",18,15,"limma_BH",247,360,0.00404858299595142,0.683333333333333,0.00499999999999545,NA,FALSE
"nonparametric",18,20,"GaGa",327,360,0.055045871559633,0.858333333333333,0.15100000000001,NA,FALSE
"nonparametric",18,20,"MiGaGa2",333,360,0.0660660660660661,0.863888888888889,0.418000000000006,NA,FALSE
"nonparametric",18,20,"Ga",306,360,0.0718954248366013,0.788888888888889,0.100000000000023,NA,FALSE
"nonparametric",18,20,"limma_BH",292,360,0.023972602739726,0.791666666666667,0.00499999999999545,NA,FALSE
"nonparametric",19,5,"GaGa",42,360,0.0238095238095238,0.113888888888889,0.213999999999999,NA,FALSE
"nonparametric",19,5,"MiGaGa2",0,360,0,0,0.728999999999985,"Parameter estimates not available. Use function parest first.",TRUE
"nonparametric",19,5,"Ga",41,360,0.024390243902439,0.111111111111111,0.101999999999975,NA,FALSE
"nonparametric",19,5,"limma_BH",30,360,0.1,0.075,0.0029999999999859,NA,FALSE
"nonparametric",19,10,"GaGa",147,360,0.0408163265306122,0.391666666666667,0.162000000000006,NA,FALSE
"nonparametric",19,10,"MiGaGa2",157,360,0.0382165605095541,0.419444444444444,0.414000000000016,NA,FALSE
"nonparametric",19,10,"Ga",140,360,0.05,0.369444444444444,0.127999999999986,NA,FALSE
"nonparametric",19,10,"limma_BH",129,360,0.0155038759689922,0.352777777777778,0.00399999999999068,NA,FALSE
"nonparametric",19,15,"GaGa",247,360,0.0647773279352227,0.641666666666667,0.146000000000015,NA,FALSE
"nonparametric",19,15,"MiGaGa2",259,360,0.0733590733590734,0.666666666666667,0.409999999999997,NA,FALSE
"nonparametric",19,15,"Ga",245,360,0.114285714285714,0.602777777777778,0.103000000000009,NA,FALSE
"nonparametric",19,15,"limma_BH",219,360,0.0273972602739726,0.591666666666667,0.0029999999999859,NA,FALSE
"nonparametric",19,20,"GaGa",331,360,0.0906344410876133,0.836111111111111,0.140000000000015,NA,FALSE
"nonparametric",19,20,"MiGaGa2",342,360,0.0994152046783626,0.855555555555556,0.403999999999996,NA,FALSE
"nonparametric",19,20,"Ga",326,360,0.110429447852761,0.805555555555556,0.0999999999999943,NA,FALSE
"nonparametric",19,20,"limma_BH",284,360,0.0457746478873239,0.752777777777778,0.0040000000000191,NA,FALSE
"nonparametric",20,5,"GaGa",73,360,0.0273972602739726,0.197222222222222,0.241000000000014,NA,FALSE
"nonparametric",20,5,"MiGaGa2",78,360,0.0256410256410256,0.211111111111111,0.826000000000022,NA,FALSE
"nonparametric",20,5,"Ga",74,360,0.027027027027027,0.2,0.109000000000009,NA,FALSE
"nonparametric",20,5,"limma_BH",52,360,0,0.144444444444444,0.00300000000001432,NA,FALSE
"nonparametric",20,10,"GaGa",193,360,0.0829015544041451,0.491666666666667,0.144000000000005,NA,FALSE
"nonparametric",20,10,"MiGaGa2",209,360,0.0956937799043062,0.525,0.400000000000006,NA,FALSE
"nonparametric",20,10,"Ga",177,360,0.0903954802259887,0.447222222222222,0.147999999999996,NA,FALSE
"nonparametric",20,10,"limma_BH",180,360,0.0555555555555556,0.472222222222222,0.00300000000001432,NA,FALSE
"nonparametric",20,15,"GaGa",306,360,0.111111111111111,0.755555555555556,0.138000000000005,NA,FALSE
"nonparametric",20,15,"MiGaGa2",318,360,0.122641509433962,0.775,0.418000000000006,NA,FALSE
"nonparametric",20,15,"Ga",299,360,0.150501672240803,0.705555555555556,0.0919999999999845,NA,FALSE
"nonparametric",20,15,"limma_BH",264,360,0.0568181818181818,0.691666666666667,0.00399999999999068,NA,FALSE
"nonparametric",20,20,"GaGa",354,360,0.101694915254237,0.883333333333333,0.138000000000005,NA,FALSE
"nonparametric",20,20,"MiGaGa2",364,360,0.112637362637363,0.897222222222222,0.385999999999996,NA,FALSE
"nonparametric",20,20,"Ga",355,360,0.138028169014085,0.85,0.09699999999998,NA,FALSE
"nonparametric",20,20,"limma_BH",310,360,0.0548387096774194,0.813888888888889,0.00399999999999068,NA,FALSE
