"case","a","b","c","d","r","s","exact_mean","exact_var","exact_mode","gaga_mean","gaga_var","mean_rel_error","var_rel_error","abs_mean_rel_error","abs_var_rel_error","ok","error"
118,5,0.700442979885498,-9.72226529054792,34.6553233980173,0.0489373010924512,35.3275302363354,0.000282614546313329,1.75019347966582e-08,0.000217450206889955,50.1401330830255,930.970571980049,177414.259536698,53192437452.1326,177414.259536698,53192437452.1326,TRUE,NA
79,10,3.9541020614101,7.39751255372458,34.8845200331134,0.0232172971375172,4.79765026925937,0.00341088779875758,1.50460389202751e-06,0.00287311591399093,154.807148680859,3492.45811736958,45385.1744550049,2321181099.13884,45385.1744550049,2321181099.13884,TRUE,NA
70,3,1.68952733614857,-2.37692109832273,28.1127312227529,0.0482240039733519,6.76163957344383,0.00149505687964968,6.04393692904774e-07,0.00107916343554357,44.0629903779184,721.891573641653,29471.4508329364,1194406198.3304,29471.4508329364,1194406198.3304,TRUE,NA
10,50,1.63277707200048,134.966064207959,12.6720202901295,108.33857129499,3.36648802374435,0.233227263354198,0.0014430685348012,0.225977347334149,447.34491414181,7657.71933297346,1917.06441368922,5306551.77161069,1917.06441368922,5306551.77161069,TRUE,NA
5,3,1.00610600476243,-3.26998330785323,11.3179982872717,0.107547508308867,9.42191003940942,0.00736515610870139,2.70778197269684e-05,0.00415651183180809,12.2852910779119,75.234497334998,1667.02860612795,2778453.76827913,1667.02860612795,2778453.76827913,TRUE,NA
20,10,0.520514262643173,46.1199754894473,0.232346688392767,63.264836905645,0.0996705794312888,0.109668460350475,0.00145459460764071,0.0953288786817549,142.316144026598,4034.22513930599,1296.6943742238,2773435.06123313,1296.6943742238,2773435.06123313,TRUE,NA
89,20,9.21802176944546,66.9866096828875,0.23772951322298,447.932090543514,0.705314456930964,0.166960223612745,0.00121109731054967,0.158955226690547,208.595779538357,2324.61527062877,1248.37410255381,1919427.97600335,1248.37410255381,1919427.97600335,TRUE,NA
93,10,0.452497778035696,26.7595310618269,0.337294627554434,45.4105669489668,0.690651168332954,0.161079219980771,0.00348569071679913,0.137048544703668,152.496737992111,4695.66189436195,945.718875409971,1347124.22592191,945.718875409971,1347124.22592191,TRUE,NA
11,1,0.778360288541782,-1.57975979936603,4.81963180028418,0.0237880879710306,64.1236208286444,0.000323053394998433,2.13898916410472e-07,7.14381983934632e-05,0.3015669533493,0.11683872968745,932.489503649274,546232.38747185,932.489503649274,546232.38747185,TRUE,NA
80,50,0.372896125709343,28.9064985146142,2.32703827788013,180.518905000144,28.1612643232008,0.360440181043479,0.00528201669421269,0.340634342412099,236.134130652362,54074.0940925054,654.127100338122,10237394.529581,654.127100338122,10237394.529581,TRUE,NA
77,1,0.683200156339201,1.72470591570859,29.125353325318,0.0625987479448697,0.186943734986343,0.0220050204743088,0.000324237958318221,0.0081522388730833,14.3053623371022,299.536511660544,649.095388632059,923815.918951128,649.095388632059,923815.918951128,TRUE,NA
67,50,4.23122035680331,212.823002767591,29.3875385051869,191.952406072566,0.713528571313141,0.171630603397972,0.000645854238256735,0.167534573961086,83.2276248140884,241.090961197353,483.922986730419,373289.050473458,483.922986730419,373289.050473458,TRUE,NA
63,50,6.4152766212768,167.252254346789,43.80132239339,29.1504350677755,1.76786350036892,0.477650891578889,0.00631684154193393,0.461421782074329,221.310519253989,1584.27648998495,462.331113069716,250800.999617663,462.331113069716,250800.999617663,TRUE,NA
37,20,0.181608347118502,102.736594615156,1.77267857338253,0.659219869711265,0.117777584669818,0.429797201782226,0.0211939228481192,0.367132264469224,199.012452752167,9107.02657647016,462.038037304405,429698.902266009,462.038037304405,429698.902266009,TRUE,NA
83,50,1.83006899887065,332.753937314867,0.850034143683618,486.631988267465,0.0655032599886662,0.0840384158618828,0.000159507384411494,0.0819909888732632,30.2637964377597,34.7852250165178,359.118597279347,218078.088594291,359.118597279347,218078.088594291,TRUE,NA
105,50,1.65486366188936,249.929674021102,0.915302762037096,9.63534204020272,0.340038003298636,0.196158493334506,0.00109990799205671,0.189457111929337,66.4454543158376,168.80219512179,337.733506698225,153468.377748722,337.733506698225,153468.377748722,TRUE,NA
95,20,5.24848055165711,68.4832686919296,2.14427411099248,180.865368135228,0.660353469161927,0.170408551008268,0.00143073133359559,0.161106896721101,54.8224468892794,203.783750631191,320.711830567819,142432.275798231,320.711830567819,142432.275798231,TRUE,NA
86,50,7.33334342059838,219.437117202435,3.81353083738082,28.1498624580508,0.626674005485369,0.214452106908793,0.00111218860496277,0.20836035475283,67.7987667034104,144.398051620588,315.148755452636,129831.342263048,315.148755452636,129831.342263048,TRUE,NA
101,1,1.9605600001415,-2.17214302176246,17.6737868173549,0.82070059882301,21.4593218374578,0.00830945946291199,3.07778954103666e-05,0.00478768536332831,2.19298060749581,2.45295422966173,262.913750019944,79697.5692801959,262.913750019944,79697.5692801959,TRUE,NA
92,5,10.5979722121424,19.3203277279937,1.61370546661666,10.4838128004972,0.106472642266548,0.755917647477125,0.0514660454014165,0.678597885443511,170.699301443702,2312.93187686851,224.817325489637,44939.9287002426,224.817325489637,44939.9287002426,TRUE,NA
4,5,1.30200222870063,22.7045543133435,0.171752513224504,11.5001021731922,0.0543945234685595,0.158690071970824,0.0054875976008911,0.121782200504593,33.0511754775769,330.823580600503,207.275004649651,60284.6850412614,207.275004649651,60284.6850412614,TRUE,NA
84,10,0.162567618563364,16.1122872063355,6.30410511396353,127.727358578952,2.01677379273983,0.221956512325652,0.0062181765581614,0.191446519483855,45.9695528943073,453.226626652899,206.110629071614,72886.3846558822,206.110629071614,72886.3846558822,TRUE,NA
81,50,0.214944845762151,163.981702853093,0.58948961723334,136.733993498634,1.91829154074315,0.149996318121337,0.000610818592583533,0.14530562063937,25.9528721714243,27.2528050598415,172.023394817132,44615.8557911317,172.023394817132,44615.8557911317,TRUE,NA
91,2,0.943958349445803,6.82148910167632,5.45286535907719,135.439952577443,0.0673984390687597,0.217365297028678,0.0181840557639008,0.133026974679658,35.2805389128605,862.016848657434,161.30989672747,47404.0926729295,161.30989672747,47404.0926729295,TRUE,NA
66,2,1.21871020130156,6.25140667143952,10.1506445610484,0.0135721111002059,0.0935703804460124,0.0953546328497828,0.0132849101056168,0.0433033040862551,13.5300059753613,106.510720396425,140.891438003603,8016.42123579688,140.891438003603,8016.42123579688,TRUE,NA
68,50,0.156691171580035,321.342123009457,10.3399635910768,56.973712264412,0.0835000553284936,0.119040549299924,0.000330044862271953,0.11603367372191,15.4531840600014,9.68503421365512,128.814455249756,29343.599237163,128.814455249756,29343.599237163,TRUE,NA
53,1,1.4597200229361,0.36081156016595,14.3220395257145,0.414232324975161,0.756163162743654,0.147371014314144,0.0141882947310017,0.0676888351386866,17.9517642247558,220.772362999456,120.813399387269,15559.1759890894,120.813399387269,15559.1759890894,TRUE,NA
14,5,0.523826105697681,13.6947679254796,0.501422261582489,3.03270338981981,0.327567597333667,0.363899748943107,0.0503201024526126,0.227771379040193,37.515536337775,557.651521051153,102.093053641101,11081.0823859869,102.093053641101,11081.0823859869,TRUE,NA
16,3,3.3634458359323,8.97623607746609,0.284087748154738,292.19971865373,0.160340991622325,0.22597265878117,0.0100438280962763,0.178916347311999,23.0819333408588,122.099750239713,101.144805771441,12155.6945460746,101.144805771441,12155.6945460746,TRUE,NA
57,20,1.25254954668218,77.0108685388483,0.894660829931147,7.8321172967496,0.435621488303009,0.240299376032033,0.00428400773575027,0.219012548412542,22.5613354428794,47.3388989984415,92.8884478829101,11049.1432113196,92.8884478829101,11049.1432113196,TRUE,NA
60,10,0.39372058428685,0.154936998809881,0.207362469209367,189.604275653839,10.1419788295579,0.216810419544159,0.0073991687997253,0.178152942767807,16.5374564134172,55.8853861627921,75.2761146267187,7551.9275889566,75.2761146267187,7551.9275889566,TRUE,NA
49,2,2.66562335660051,-3.7219058746137,0.425788088835055,286.268533340485,13.2129160540538,0.897730115054203,0.371404202172064,0.511779481429245,58.4177118727404,1078.02750865197,64.0726882089873,2901.57219047979,64.0726882089873,2901.57219047979,TRUE,NA
30,5,0.476657743272171,14.0842555751713,17.0711712067408,158.55497669632,0.310162176230628,0.208941917318875,0.00937742760757678,0.162350779411018,13.4772236992666,73.3389823981469,63.5022495830668,7819.79963367464,63.5022495830668,7819.79963367464,TRUE,NA
38,2,1.43313300654808,-5.93111421027087,31.7338535363441,17.5136941864105,56.5676561604706,0.0408103809178311,0.000587724723666931,0.0264932908673615,2.56565331873868,3.4051340128474,61.867664085382,5792.75662742602,61.867664085382,5792.75662742602,TRUE,NA
48,1,6.62798939425929,2.25899457807783,1.09234167184921,121.953096612094,0.115063466286867,1.35184004421391,0.289980229400933,1.12439863728067,68.5253632061671,708.469057992796,49.6904374518763,2442.1633130866,49.6904374518763,2442.1633130866,TRUE,NA
26,2,2.52285363473467,0.892034067967237,0.551427239947423,18.1952450564898,1.31138823286635,1.40502740081512,2.28577154926763,0.639392538414607,63.0913925267892,1316.80997228263,43.9040299784809,575.089930205204,43.9040299784809,575.089930205204,TRUE,NA
75,10,5.29039097687123,39.3273827834736,3.11368942342643,242.429078372058,0.227193194167757,0.185154103395668,0.00261632264106963,0.170042459296839,6.60626247351346,4.45770796815504,34.679805914947,1702.80667054603,34.679805914947,1702.80667054603,TRUE,NA
56,10,0.464746298689259,21.9769706160549,0.198952887255495,57.4479808884873,1.21607943457406,0.166770423616762,0.00386602757134623,0.140964768690619,5.47115205665614,6.02921136875723,31.8064889325269,1558.53656757232,31.8064889325269,1558.53656757232,TRUE,NA
112,1,0.31273503106843,-4.4521474151589,1.9111309950932,0.0216057959313443,97.2025335221187,0.0858078090025564,0.745857083472359,4.34879945801057e-05,2.50891804445671,20.1278051016393,28.2388079082868,25.9861419133191,28.2388079082868,25.9861419133191,TRUE,NA
73,3,0.205294294987729,-0.608649712512021,0.182335784149388,36.6360310965824,3.84910962507287,0.29856866642331,0.0639924563928047,0.126940437213278,8.66875051855465,62.3476240329392,28.0343612489601,973.29646473064,28.0343612489601,973.29646473064,TRUE,NA
54,3,1.55898363561151,1.32629919950843,2.47302960860785,99.6809309365431,2.14591801561763,0.422649902471865,0.0538867615294899,0.290860659921975,7.96782461749487,24.809157921788,17.8520678010218,459.394301264719,17.8520678010218,459.394301264719,TRUE,NA
41,5,3.60079114507573,24.6355662419407,48.7648075268144,0.0289832067975317,0.122778120949913,0.0532634570809461,0.000427600367958139,0.0444309949519395,0.917937596627352,0.150444715661792,16.2339094556393,350.834860152692,16.2339094556393,350.834860152692,TRUE,NA
108,10,1.20151960078746,16.2698954068434,3.42005746609062,352.933512219306,2.38015241703956,0.17797295007037,0.00346489429627973,0.15692549281509,2.97622286055984,1.55360379967748,15.7228944588661,447.384183421003,15.7228944588661,447.384183421003,TRUE,NA
74,3,11.584480684887,-10.3069403036208,22.082518265377,0.102698278903441,94.5666407099382,17.0660260056228,4738.8054858585,0.00174022175863495,273.72777753798,6564.17412038591,15.0393390615831,0.385195940195196,15.0393390615831,0.385195940195196,TRUE,NA
17,1,0.206424781490305,3.2720362969892,12.9664598054157,0.0165045159111499,0.0554487109490067,0.0352931494697597,0.00133868143629652,0.00476409632890643,0.54359578064821,1.43149659941587,14.4023029629016,1068.33327123451,14.4023029629016,1068.33327123451,TRUE,NA
82,20,8.39230140669983,103.309303342254,0.847305751076273,3.15772474580053,0.14171800829733,0.325028296158922,0.00580286241282391,0.30364980674676,4.14525144322419,0.960363294635644,11.7535094396747,164.498201803529,11.7535094396747,164.498201803529,TRUE,NA
116,1,4.01164149492614,-0.450717304496629,2.86682769292257,57.122516488181,1.65558765426586,6.08169059210018,26.3301268186508,3.10956474531791,75.0699406528845,1404.78554645406,11.343597477714,52.3527831494905,11.343597477714,52.3527831494905,TRUE,NA
61,2,0.302282670400782,-1.96769757454473,18.2687405475055,13.05525832955,5.52868827855011,1.11603418614187,3.63635052905486,0.260915914659393,12.1725376438146,184.686368229872,9.90695768549448,49.7889343324322,9.90695768549448,49.7889343324322,TRUE,NA
115,10,0.919669259129162,14.5302830523545,0.175176162204402,137.325068334131,3.13737095434513,0.171387969743762,0.00389256472245317,0.146099134367491,1.84450159402834,0.627747924772764,9.76214157146506,160.268461678177,9.76214157146506,160.268461678177,TRUE,NA
46,1,0.291675000118378,0.995857924660801,6.07423180512576,0.081495525271111,1.13657699029192,0.0250961130628118,0.000944748334980436,0.00357352868836986,0.259525262356052,0.230919214103513,9.34125331307283,243.424049827296,9.34125331307283,243.424049827296,TRUE,NA
114,3,0.653292760931729,-0.0268605164177482,16.5049302143037,410.594926894245,3.45438590243483,0.408316984843089,0.0579536464723553,0.263114670311511,4.17248753344001,10.5302899934679,9.2187459457349,180.701939989074,9.2187459457349,180.701939989074,TRUE,NA
28,5,0.570286171135753,1.46936296031168,29.4749413433559,60.6571015682026,3.80344954143904,2.76999592938022,4.42449626692062,1.47599924322613,25.2693550026129,248.431598558506,8.12252423716263,55.1491260408296,8.12252423716263,55.1491260408296,TRUE,NA
27,1,7.75600089233676,2.23285474472374,10.4754071656751,0.14643576014573,3.89908431474017,0.244084497163223,0.0438956235693558,0.102341290297314,2.15828375201014,0.600591570172901,7.84236310414609,12.6822653680715,7.84236310414609,12.6822653680715,TRUE,NA
51,5,0.391709760812871,-0.343755652250846,3.24822500390611,32.080933716717,5.69538811407429,1.02481730499119,0.749151366108801,0.508228117544054,7.782004845301,25.3206306235527,6.59355331667424,32.79908489665,6.59355331667424,32.79908489665,TRUE,NA
31,20,4.96693110656707,57.6402878785147,0.599755598224105,9.60246734295482,1.46607488783677,0.436815336818991,0.015466427365276,0.391930260233034,2.69031274558456,0.500298412686106,5.15892465034803,31.3473806115908,5.15892465034803,31.3473806115908,TRUE,NA
102,3,0.541624572435963,-6.02483192743182,15.902707546636,23.0902146705224,90.8581907406629,0.0798740246469666,0.0027204933701187,0.0475020044721972,0.366422607750239,0.0870935309874628,3.58750650627387,31.0138736392741,3.58750650627387,31.0138736392741,TRUE,NA
110,2,9.76046216305663,6.45405615945327,7.70284268284449,114.835490894359,0.222747356931019,1.15802752262577,0.12838162814707,1.04245896342975,4.97036514743893,2.40774044153933,3.29209587019909,17.7545560551786,3.29209587019909,17.7545560551786,TRUE,NA
117,1,0.364357405555371,2.03514483187089,41.465352573757,1.98395631916583,0.139266665217578,1.35766871690532,2.36876464347144,0.148274976222103,5.7127127234285,89.5688852836075,3.20773687446382,36.8124882649142,3.20773687446382,36.8124882649142,TRUE,NA
119,20,0.674307664433799,100.08690845809,9.68090302661046,0.611658571753933,0.157288763856129,0.916052734135066,0.112249565070361,0.75975355901681,3.20065051817325,1.00686592909836,2.49395880707161,7.96988713022828,2.49395880707161,7.96988713022828,TRUE,NA
12,1,6.85546215545206,11.2151617681759,14.6716956017815,0.0231599465187467,0.0612882009106421,0.293483682765812,0.0171690543932523,0.227974544472847,0.813898513016297,0.0966281739245424,1.77323258774068,4.62804285613534,1.77323258774068,4.62804285613534,TRUE,NA
87,5,0.31828887102002,26.663415952046,5.36453750009687,13.2792471351854,0.0764562525096589,0.161590476307952,0.0057193489633623,0.124917120866446,0.402407800530283,0.0698498103285861,1.49029404284565,11.2128953445643,1.49029404284565,11.2128953445643,TRUE,NA
8,5,2.4657740318465,-9.98645223367213,1.90353168865811,163.28185928844,45.5199780843789,2.11959639201348,1.78891038844612,1.20450162679768,4.22449317707882,3.99624846127882,0.993064902826067,1.23390086339095,0.993064902826067,1.23390086339095,TRUE,NA
23,3,0.156881469836677,4.99596987736684,2.56064586366328,0.141880760104143,1.32754157969602,0.536376766861972,0.179320240591403,0.207223819651316,0.120125908750126,0.00266267447760843,-0.776041923939188,-0.985151288728886,0.776041923939188,0.985151288728886,TRUE,NA
52,2,0.74161370970567,10.6312543676944,0.253241264251868,1.38815585001155,0.6088785272683,0.187090539714304,0.0168965838455246,0.097598259638583,0.059365322141934,0.000634212845928826,-0.682692015146316,-0.962465025372758,0.682692015146316,0.962465025372758,TRUE,NA
9,2,0.703320095225918,11.395161906595,0.198750451524884,0.194168823675587,0.0722186705463309,0.257233457059021,0.0375198780658423,0.11736811715575,0.0854691588774641,0.00151099844370883,-0.667737004919024,-0.959728055590766,0.667737004919024,0.959728055590766,TRUE,NA
98,3,0.344613223235468,-6.85059038885364,2.41353570725268,74.0792573295488,49.2549948941537,1.12478052864514,0.617401548610911,0.565548843855735,0.423834031253266,0.0339054420572347,-0.623185127712161,-0.945083645913234,0.623185127712161,0.945083645913234,TRUE,NA
24,5,7.0573524698585,19.6963669358302,26.6125292904271,0.140178151413058,0.118933407464183,5.57396579019195,6.91420808107162,4.25095558257277,9.02828450468156,8.99930982797963,0.619723702030588,0.301567688223933,0.619723702030588,0.301567688223933,TRUE,NA
29,1,1.18081801527297,-3.92177024755018,2.74418976356638,103.589512271961,52.1610961477536,38.0821108433732,1129.9288025026,8.71183115807975,16.8615614328409,159.36371820399,-0.557231438609316,-0.858961274505945,0.557231438609316,0.858961274505945,TRUE,NA
71,1,0.25135148561895,1.01611874132226,0.62574542943216,28.5190184986837,2.02735058982401,0.255985275634751,0.0699857233661711,0.0328562979753664,0.145892966080027,0.0846812482496946,-0.430072820718828,0.209978895361777,0.430072820718828,0.209978895361777,TRUE,NA
99,2,0.160839664169691,-2.67979432996012,4.94250211571337,81.449349021945,14.7819908968514,0.810620091351001,0.457682116167146,0.283937182563724,0.500359196039195,0.378850330322639,-0.382745133783592,-0.172241350622748,0.382745133783592,0.172241350622748,TRUE,NA
72,3,0.822913247311065,10.6407036400015,7.8593214378892,0.634805907921052,0.161944184664619,1.22252047291406,0.56534282362476,0.743985148138025,0.760538428743281,0.116514164570354,-0.377893094149643,-0.793905291265023,0.377893094149643,0.793905291265023,TRUE,NA
47,1,0.261225209107815,-0.634838294298466,0.248086790995421,0.051440801560676,1.9931442164412,6.93737416971747,113.070113596531,0.0350078283783224,4.76035909725166,86.7489734707566,-0.313809666194561,-0.232786005855594,0.313809666194561,0.232786005855594,TRUE,NA
18,2,1.31263775040936,10.5558917126028,3.94042020475907,0.0228081208800992,0.0589970481899604,0.526439422808145,0.126222207376947,0.282071632022663,0.390871070499924,0.0466509800906791,-0.25751937722496,-0.630405924122673,0.25751937722496,0.630405924122673,TRUE,NA
13,3,1.03488793641178,6.18220394079202,0.198445321861896,0.70150837717051,0.401639479119868,10.9869361502792,83.538116666346,1.73871548750704,13.5871297901162,90.7224877744347,0.236662305511888,0.0860011141594592,0.236662305511888,0.0860011141594592,TRUE,NA
88,5,1.33395284999749,28.4967017449614,21.9279472144993,0.234909196569447,0.0950002504865871,0.483943664475816,0.0471612749051675,0.381277315726687,0.393764653992763,0.0188115444647972,-0.186341958997915,-0.601123071786679,0.186341958997915,0.601123071786679,TRUE,NA
120,5,5.4030630002019,22.1344403668677,7.1954779911724,0.0195107586603142,0.299026712386511,0.69560013732782,0.092048829207812,0.556716539241528,0.793998186084519,0.271311352457982,0.141457776495992,1.94747206230578,0.141457776495992,1.94747206230578,TRUE,NA
97,2,1.41047491981983,10.7917730956139,17.301061974841,65.4670973129475,0.244217664877423,0.249365812512853,0.020302082591285,0.166718846841481,0.215840190252174,0.0116937133229074,-0.134443538682555,-0.424014099522622,0.134443538682555,0.424014099522622,TRUE,NA
34,2,0.911422955231467,4.12737166554317,0.645952668043171,0.0130674950567337,0.262343870953073,22.1257145512224,336.068387501837,6.8182434025937,19.1939380791621,238.2218157364,-0.132505391646135,-0.291150775866719,0.132505391646135,0.291150775866719,TRUE,NA
58,2,2.27172775889747,6.48057874567559,0.370470315455463,7.01197896584056,4.32036174524308,0.363353773865984,0.0393687786053718,0.250392308628352,0.322481661848839,0.0244834607144725,-0.112485723162518,-0.378099560570777,0.112485723162518,0.378099560570777,TRUE,NA
2,1,4.89702852299136,-4.09520132344958,6.23307806348539,11.4382601935502,68.957388259775,31.5296346360616,255.515876806146,24.2754262190033,34.8607043849212,387.87916544275,0.105648853445634,0.518023734145588,0.105648853445634,0.518023734145588,TRUE,NA
104,5,0.582889429566044,12.4959342892291,0.151860178399667,0.334380491142714,0.428447411653369,11.7869393936024,57.5143092926859,6.96210089015382,12.7942980653308,75.1376534991806,0.0854639731392134,0.306416688702821,0.0854639731392134,0.306416688702821,TRUE,NA
85,50,1.74789801858028,36.0779647240264,0.306587583657551,35.1190312249124,28.7218760731638,2.26956012574829,0.316149529412147,2.12949612476049,2.1139350141448,0.693813595538195,-0.0685706053071283,1.19457418402071,0.0685706053071283,1.19457418402071,TRUE,NA
21,1,2.62775341572671,6.75117902785402,7.13459611632317,155.561487247143,0.282129298237514,0.37424730519197,0.0413087883470162,0.262653011722455,0.399119416701597,0.0562883363736947,0.0664590263298481,0.362623756979803,0.0664590263298481,0.362623756979803,TRUE,NA
15,10,0.465439469828826,32.0748459353742,1.57780743452128,0.208154344140909,0.562189929781461,1.66198875860482,0.465336149258992,1.36324183186191,1.55466863557534,0.328606823047378,-0.0645733146351584,-0.293829152171701,0.0645733146351584,0.293829152171701,TRUE,NA
3,3,0.222141676499338,-7.12739445014101,2.36442460326653,3.62153426628694,32.8247089437387,24.3011737557942,481.685035189848,4.26275976285874,25.6008225787356,546.414496143077,0.0534809073833943,0.134381299447506,0.0534809073833943,0.134381299447506,TRUE,NA
42,10,4.68233507950108,6.48410744879679,23.8553775849229,1.2052462823577,5.43475408793909,21.0304339592875,61.8864865113005,18.4636948309363,21.9802016636561,84.8544266283632,0.045161583741314,0.37113013537889,0.045161583741314,0.37113013537889,TRUE,NA
107,1,3.33308574852749,-2.94932558701488,1.01132362693023,23.2549853183632,53.9311039934173,3.32038239894554,3.11270379965356,2.36480588432548,3.19141394566571,2.65748292995748,-0.0388414458891202,-0.146246125232584,0.0388414458891202,0.146246125232584,TRUE,NA
96,10,1.7628620993724,18.063218801878,6.37031589098934,0.0387038558205957,4.35770184104919,0.590964456082507,0.0615204709781619,0.485501473692966,0.610165867748226,0.0797559275713057,0.0324916523626555,0.296412824921592,0.0324916523626555,0.296412824921592,TRUE,NA
76,20,0.579402068539404,33.7964602443627,2.5951116992258,0.0207352192671437,5.10098370640573,1.70620853245089,0.244243919845456,1.55386630321306,1.65307504343513,0.189926756186147,-0.0311412632191238,-0.222389010517348,0.0311412632191238,0.222389010517348,TRUE,NA
65,20,2.743121500063,105.742217611394,0.884263667668022,0.133439376342817,0.11325994939578,4.63649113949512,2.27585020144662,4.17217692058773,4.74837667536039,3.38203178929354,0.0241315107694684,0.486052020095077,0.0241315107694684,0.486052020095077,TRUE,NA
59,3,7.01855278907008,-1.3819371340266,5.81220265566744,1.37675460634846,7.29987588516402,5.8533000324389,4.78065899493098,5.06388221848032,5.99314575635777,5.74465717657402,0.0238917744082569,0.201645459896886,0.0238917744082569,0.201645459896886,TRUE,NA
64,2,3.92465359856887,4.28458418414223,1.52022426729473,0.124773123144217,0.849486122286911,1.76009877087941,0.669376901568695,1.37215941487274,1.72585618622168,0.612560030403651,-0.019454922203384,-0.0848802386695641,0.019454922203384,0.0848802386695641,TRUE,NA
33,5,7.82428041400804,-9.04571621563626,31.2683521256348,39.4278954542309,30.9092958908486,150.833702753584,2525.3831394305,134.806490704972,152.983099819491,2828.51812720711,0.014250111392002,0.120035246550735,0.014250111392002,0.120035246550735,TRUE,NA
111,10,0.507929626215301,-20.6930374816306,10.711510923166,0.0369823496488089,79.709436669825,75.9576759095265,1185.73483378642,0.00374144094889958,76.7865048370383,1246.48178285595,0.0109117204757425,0.0512314788590161,0.0109117204757425,0.0512314788590161,TRUE,NA
106,10,0.18904302199271,34.9698990449258,0.293080327942408,0.30247853729229,0.304204101441565,106.809916363143,2479.59919226667,83.8084669624298,107.644731243109,2567.03780715019,0.00781589302184762,0.0352632051003308,0.00781589302184762,0.0352632051003308,TRUE,NA
94,50,0.300369272347794,207.281456300639,0.476627473716193,0.817301740792775,0.958713061225887,2.24756052174987,0.249858861999375,2.13610306079138,2.23469702205466,0.346654562263156,-0.00572331626700511,0.387401509353004,0.00572331626700511,0.387401509353004,TRUE,NA
25,10,4.2289699702249,28.382568061367,5.52037659970673,0.287754436764496,0.64248291464016,9.49150380615553,10.0412847837207,8.41985920243601,9.44050722647845,9.65669371811004,-0.00537286616731971,-0.038300981786135,0.00537286616731971,0.038300981786135,TRUE,NA
103,5,4.83199166818342,-2.89002624388498,0.182270444407799,4.25782803349445,12.8337817686051,3.78553701955637,2.05413173823822,3.23685484659035,3.76523934142272,1.99120109962511,-0.00536190189893631,-0.0306361259317669,0.00536190189893631,0.0306361259317669,TRUE,NA
100,5,1.38105902945756,20.1211121869407,1.6881157647836,0.0563719834972582,0.0906502842299959,48.324888349247,686.230003237253,34.0775199127629,48.1288764067685,676.305280604327,-0.00405612820172409,-0.0144626766333535,0.00405612820172409,0.0144626766333535,TRUE,NA
35,50,0.161081391658561,89.5870918156744,0.934408662454421,0.0149880121789325,8.97840258058612,6.78766603610917,1.77678726829289,6.51967303128379,6.76273979886144,1.67556051079035,-0.00367228398025535,-0.0569717935900112,0.00367228398025535,0.0569717935900112,TRUE,NA
69,20,2.10717708893892,4.21833081667792,0.554295996565277,0.236804505275406,16.8005591096251,16.0142640793026,21.6692318158203,14.6483686553003,15.9695592482989,21.1283749038507,-0.00279156324526322,-0.0249596716933306,0.00279156324526322,0.0249596716933306,TRUE,NA
36,10,0.314298890228807,6.96556975546034,0.885446842532809,0.0433883963408559,5.01802260639506,68.9171283553408,980.331227236588,54.6476382871243,68.745970034269,969.259503939159,-0.00248353820242291,-0.0112938596566373,0.00248353820242291,0.0112938596566373,TRUE,NA
109,50,7.94017923459927,242.206468430569,14.2213032462058,0.0390782279162613,0.449191408844912,5.02731556881773,0.747270721804355,4.87564912067746,5.01549800614476,0.712977825740016,-0.00235067055393638,-0.0458908599838299,0.00235067055393638,0.0458908599838299,TRUE,NA
7,20,3.77338940213557,6.91061749361089,0.391719162583313,0.440012848014997,14.7988001562051,15.1008051932678,16.8765466666524,13.9734394156835,15.0673113872387,16.5020124984694,-0.00221801457607392,-0.0221925833276723,0.00221801457607392,0.0221925833276723,TRUE,NA
50,20,0.488917419304626,40.7844034499496,0.607240362983881,0.010628797547347,2.64951745298721,28.1403054956152,78.244871805909,25.3415264303912,28.0784494074225,76.8794430286448,-0.00219813136720633,-0.0174507126888936,0.00219813136720633,0.0174507126888936,TRUE,NA
43,20,3.59671682044323,-28.013973082789,6.21074742552652,43.2998904320721,84.391469249371,16.8925022023186,21.4868046831783,15.6116225131035,16.8628721247701,21.1152515634866,-0.00175403721684441,-0.0172921532619801,0.00175403721684441,0.0172921532619801,TRUE,NA
62,2,9.83555848007095,12.7692581656752,0.227171582740706,0.924889928486056,0.0764055330973975,1.16119065756537,0.150980490336964,1.02104076390651,1.15917250774953,0.459317388685622,-0.00173800039010618,2.04223007661785,0.00173800039010618,2.04223007661785,TRUE,NA
6,20,3.06750212842644,-8.4912236937897,0.353909909485492,4.29989005784358,31.4246995616426,23.1481877482169,42.1556854751025,21.3168681870449,23.1137572304737,41.5530674784323,-0.00148739582198373,-0.0142950586588398,0.00148739582198373,0.0142950586588398,TRUE,NA
55,10,3.44335215325976,21.3518574409932,8.06194177160552,1.19806194427544,1.20027303541679,52.5822171485536,346.098205318845,45.9818089091662,52.5174350467875,343.275871459133,-0.00123201540899396,-0.0081547197192538,0.00123201540899396,0.0081547197192538,TRUE,NA
78,20,2.97170729154262,36.1789518517608,1.05735914712082,0.157948798676993,3.32405443316236,43.4494163321087,150.353167102345,39.977479337094,43.4108595976855,149.073496453094,-0.000887393610273616,-0.0085110987278401,0.000887393610273616,0.0085110987278401,TRUE,NA
39,5,10.5439716362809,-1.71480180514019,5.98479039931375,0.0208308220964021,7.32594995713666,64.0678313235574,329.459359467318,58.9427660728392,64.1241127138947,332.3101158027,0.000878465669503114,0.00865283153585567,0.000878465669503114,0.00865283153585567,TRUE,NA
22,20,0.442552049728998,63.83794124438,1.32256661849555,0.0513993161779054,0.824392696202822,162.835392148417,2660.66424380351,146.477355348758,162.77182252531,2652.4041220802,-0.000390391930577622,-0.00310453366769184,0.000390391930577622,0.00310453366769184,TRUE,NA
90,10,7.72095222882389,-9.73397882858141,5.25746747811731,0.0340135770849791,28.3068553381243,18.1836380303782,27.1233208767879,16.6936916567316,18.189677281205,27.213233299109,0.000332125552472861,0.00331494888584973,0.000332125552472861,0.00331494888584973,TRUE,NA
32,20,9.92473709527863,-15.3452526692132,5.65852564069065,0.192212651037229,44.2880694397287,35.0927444303473,63.196730199478,33.289193665132,35.083570671875,62.9626615247837,-0.000261414677625634,-0.00370380989578867,0.000261414677625634,0.00370380989578867,TRUE,NA
45,1,8.76416978966013,-4.29298272182152,0.589680696138595,42.3259588802278,81.5655621185231,80.8695463005496,745.516917230457,71.6459096929865,80.8550902840763,744.558650575776,-0.000178757234764328,-0.00128537211233365,0.000178757234764328,0.00128537211233365,TRUE,NA
44,50,0.283445445097273,237.71348603482,4.31538490506625,0.136655907726589,0.432312979452872,136.247487473651,747.687279392358,130.754614088125,136.232062898339,746.185086181731,-0.000113209979854754,-0.00200911965741508,0.000113209979854754,0.00200911965741508,TRUE,NA
113,5,5.10086477051837,18.6674973230832,0.303448560175535,0.0558828447478754,0.123441497255135,44.2873533460366,276.098287281826,38.0516524767853,44.2827551080002,275.937064362416,-0.00010382733870954,-0.000583933066001536,0.00010382733870954,0.000583933066001536,TRUE,NA
1,1,7.54674592654515,-3.91261815996813,0.214509867401641,0.0628384151293299,54.0957362521898,96.5961909812726,1236.07203797299,83.7988561839713,96.5902548428018,1235.58934041565,-6.14531319561088e-05,-0.000390509244208239,6.14531319561088e-05,0.000390509244208239,TRUE,NA
19,50,3.81232968837186,158.204908428782,4.03365158875567,0.0655277618466254,2.11558402402501,402.866921168828,5728.23276161504,388.646751592088,402.850219647371,5723.44612696258,-4.14566711242098e-05,-0.0008356215348892,4.14566711242098e-05,0.0008356215348892,TRUE,NA
40,50,0.187027114255421,122.717476022086,0.477443684489171,1.96459343117439,4.29902118060986,691.595142495488,19376.662609652,663.578189679125,691.599565615221,19378.8761995172,6.39553325511434e-06,0.000114239996315819,6.39553325511434e-06,0.000114239996315819,TRUE,NA
