"time","completed","total","remaining","percent","elapsed_sec","eta_sec","chunk_elapsed_sec","last_task_id"
"2026-04-30 17:22:23",16,5440,5424,0.294117647058824,4.61840295791626,1565.63860273361,4.611,16
"2026-04-30 17:22:28",32,5440,5408,0.588235294117647,9.31528806686401,1574.28368330002,4.695,32
"2026-04-30 17:22:32",48,5440,5392,0.88235294117647,13.9716880321503,1569.48628894488,4.656,48
"2026-04-30 17:22:37",64,5440,5376,1.17647058823529,18.8264179229736,1581.41910552979,4.854,64
"2026-04-30 17:22:42",80,5440,5360,1.47058823529412,23.3963360786438,1567.55451726913,4.57,80
"2026-04-30 17:22:46",96,5440,5344,1.76470588235294,27.9563291072845,1556.23565363884,4.56,96
"2026-04-30 17:22:51",112,5440,5328,2.05882352941176,32.7935860157013,1560.03773474693,4.837,112
"2026-04-30 17:22:56",128,5440,5312,2.35294117647059,37.8291919231415,1569.91146481037,5.035,128
"2026-04-30 17:23:02",144,5440,5296,2.64705882352941,43.4336969852448,1597.39485579067,5.604,144
"2026-04-30 17:23:07",160,5440,5280,2.94117647058824,48.6853768825531,1606.61743712425,5.251,160
"2026-04-30 17:23:12",176,5440,5264,3.23529411764706,53.6142809391022,1603.55440263315,4.928,176
"2026-04-30 17:23:17",192,5440,5248,3.52941176470588,58.5657079219818,1600.79601653417,4.951,192
"2026-04-30 17:23:23",208,5440,5232,3.82352941176471,64.7817928791046,1629.51125165132,6.215,208
"2026-04-30 17:23:30",224,5440,5216,4.11764705882353,71.8507609367371,1673.09629038402,7.068,224
"2026-04-30 17:23:38",240,5440,5200,4.41176470588235,79.5428030490875,1723.4273993969,7.691,240
"2026-04-30 17:23:45",256,5440,5184,4.70588235294118,86.5474739074707,1752.58634662628,7.004,256
"2026-04-30 17:23:52",272,5440,5168,5,93.5069370269775,1776.63180351257,6.95899999999999,272
"2026-04-30 17:23:59",288,5440,5152,5.29411764705882,100.547875881195,1798.68977965249,7.04000000000001,288
"2026-04-30 17:24:05",304,5440,5136,5.58823529411765,107.277209043503,1812.4202159455,6.72800000000001,304
"2026-04-30 17:24:30",320,5440,5120,5.88235294117647,131.903724908829,2110.45959854126,24.626,320
"2026-04-30 17:24:54",336,5440,5104,6.1764705882353,155.700197935104,2365.16014958563,23.795,336
"2026-04-30 17:25:15",352,5440,5088,6.47058823529412,176.814502000809,2555.77325619351,21.114,352
"2026-04-30 17:25:37",368,5440,5072,6.76470588235294,199.206300973892,2745.58249603147,22.392,368
"2026-04-30 17:25:59",384,5440,5056,7.05882352941176,221.140247106552,2911.67992023627,21.934,384
"2026-04-30 17:26:22",400,5440,5040,7.35294117647059,243.986659049988,3074.23190402985,22.846,400
"2026-04-30 17:26:45",416,5440,5024,7.64705882352941,267.028281927109,3224.88002019662,23.041,416
"2026-04-30 17:27:08",432,5440,5008,7.94117647058824,289.956494092941,3361.34750559595,22.928,432
"2026-04-30 17:27:31",448,5440,4992,8.23529411764706,313.084812879562,3488.65934351512,23.128,448
"2026-04-30 17:27:54",464,5440,4976,8.52941176470588,336.266731023788,3606.17080511718,23.181,464
"2026-04-30 17:28:18",480,5440,4960,8.82352941176471,359.442275047302,3714.23684215546,23.175,480
"2026-04-30 17:28:39",496,5440,4944,9.11764705882353,380.620134115219,3793.92327230976,21.176,496
"2026-04-30 17:29:00",512,5440,4928,9.41176470588235,402.136116981506,3870.560125947,21.515,512
"2026-04-30 17:29:22",528,5440,4912,9.70588235294118,423.442593097687,3939.29927518151,21.306,528
"2026-04-30 17:29:46",544,5440,4896,10,447.955219984055,4031.59697985649,24.513,544
"2026-04-30 17:30:10",560,5440,4880,10.2941176470588,471.508892059326,4108.86320223127,23.553,560
"2026-04-30 17:30:33",576,5440,4864,10.5882352941176,494.655586957932,4177.09162320031,23.146,576
"2026-04-30 17:30:56",592,5440,4848,10.8823529411765,518.041543960571,4242.34021135279,23.386,592
"2026-04-30 17:31:20",608,5440,4832,11.1764705882353,541.921784877777,4306.85207981812,23.881,608
"2026-04-30 17:31:44",624,5440,4816,11.4705882352941,565.354481935501,4363.37689904066,23.429,624
"2026-04-30 17:32:04",640,5440,4800,11.7647058823529,585.854723930359,4393.91042947769,20.5,640
"2026-04-30 17:32:25",656,5440,4784,12.0588235294118,607.254326105118,4428.51325623,21.399,656
"2026-04-30 17:32:47",672,5440,4768,12.3529411764706,628.722836017609,4460.93821745827,21.468,672
"2026-04-30 17:33:10",688,5440,4752,12.6470588235294,651.336863994598,4498.76857224176,22.6129999999999,688
"2026-04-30 17:33:32",704,5440,4736,12.9411764705882,674.140525102615,4535.12716887214,22.802,704
"2026-04-30 17:33:56",720,5440,4720,13.2352941176471,698.116167068481,4576.53931744893,23.975,720
"2026-04-30 17:34:21",736,5440,4704,13.5294117647059,722.879359960556,4620.14199626964,24.764,736
"2026-04-30 17:34:46",752,5440,4688,13.8235294117647,747.547259092331,4660.24142370325,24.6660000000001,752
"2026-04-30 17:35:09",768,5440,4672,14.1176470588235,770.764597892761,4688.8179705143,23.217,768
"2026-04-30 17:35:30",784,5440,4656,14.4117647058824,791.339648008347,4699.58852184549,20.5740000000001,784
"2026-04-30 17:35:52",800,5440,4640,14.7058823529412,813.374063968658,4717.56957101822,22.035,800
"2026-04-30 17:36:14",816,5440,4624,15,835.616230964661,4735.15864213308,22.241,816
"2026-04-30 17:36:37",832,5440,4608,15.2941176470588,858.988041877747,4757.47223193829,23.371,832
"2026-04-30 17:37:00",848,5440,4592,15.5882352941176,881.998287916183,4776.10393645179,23.01,848
"2026-04-30 17:37:24",864,5440,4576,15.8823529411765,905.895431041718,4797.89061625799,23.8969999999999,864
"2026-04-30 17:37:48",880,5440,4560,16.1764705882353,929.547816991806,4816.74777895754,23.652,880
"2026-04-30 17:38:11",896,5440,4544,16.4705882352941,952.799398899078,4832.05409441675,23.251,896
"2026-04-30 17:38:35",912,5440,4528,16.7647058823529,976.486182928085,4848.16824155523,23.687,912
"2026-04-30 17:38:57",928,5440,4512,17.0588235294118,998.420584917068,4854.38974045885,21.9340000000001,928
"2026-04-30 17:39:18",944,5440,4496,17.3529411764706,1020.01148700714,4858.02081100011,21.591,944
"2026-04-30 17:39:40",960,5440,4480,17.6470588235294,1041.44601392746,4860.08139832815,21.434,960
"2026-04-30 17:40:02",976,5440,4464,17.9411764705882,1064.20040893555,4867.40842775439,22.7539999999999,976
"2026-04-30 17:40:26",992,5440,4448,18.2352941176471,1087.7583758831,4877.36820154036,23.5590000000002,992
"2026-04-30 17:40:50",1008,5440,4432,18.5294117647059,1111.90936088562,4888.87131690979,24.1489999999999,1008
"2026-04-30 17:41:14",1024,5440,4416,18.8235294117647,1136.26281809807,4900.13340304792,24.3530000000001,1024
"2026-04-30 17:41:39",1040,5440,4400,19.1176470588235,1160.51350688934,4909.86483683953,24.249,1040
"2026-04-30 17:42:02",1056,5440,4384,19.4117647058824,1184.18145394325,4916.14724818865,23.6679999999999,1056
"2026-04-30 17:42:24",1072,5440,4368,19.7058823529412,1205.4697740078,4911.83952692729,21.288,1072
"2026-04-30 17:42:47",1088,5440,4352,20,1228.29093599319,4913.16374397278,22.8199999999999,1088
"2026-04-30 17:43:08",1104,5440,4336,20.2941176470588,1249.91233992577,4909.07600173743,21.6209999999999,1104
"2026-04-30 17:43:31",1120,5440,4320,20.5882352941176,1272.76474905014,4909.23546062197,22.8520000000001,1120
"2026-04-30 17:43:54",1136,5440,4304,20.8823529411765,1295.86008095741,4909.66706728935,23.094,1136
"2026-04-30 17:44:17",1152,5440,4288,21.1764705882353,1318.8697218895,4909.12618703312,23.009,1152
"2026-04-30 17:44:40",1168,5440,4272,21.4705882352941,1342.1450150013,4908.94135623762,23.2740000000001,1168
"2026-04-30 17:45:04",1184,5440,4256,21.7647058823529,1365.28933095932,4907.66164912404,23.144,1184
"2026-04-30 17:45:27",1200,5440,4240,22.0588235294118,1388.53998088837,4906.1745991389,23.25,1200
"2026-04-30 17:45:48",1216,5440,4224,22.3529411764706,1409.50576901436,4896.17793447093,20.9649999999999,1216
"2026-04-30 17:46:09",1232,5440,4208,22.6470588235294,1431.02867388725,4887.79923678373,21.5220000000002,1232
"2026-04-30 17:46:31",1248,5440,4192,22.9411764705882,1452.67594599724,4879.50125450354,21.646,1248
"2026-04-30 17:46:55",1264,5440,4176,23.2352941176471,1476.98054599762,4879.64458867568,24.3050000000001,1264
"2026-04-30 17:47:19",1280,5440,4160,23.5294117647059,1500.85001802444,4877.76255857944,23.8679999999999,1280
"2026-04-30 17:47:43",1296,5440,4144,23.8235294117647,1525.0748128891,4876.47378442317,24.2239999999999,1296
"2026-04-30 17:48:07",1312,5440,4128,24.1176470588235,1549.11598300934,4874.0478489806,24.0400000000002,1312
"2026-04-30 17:48:30",1328,5440,4112,24.4117647058824,1571.93980693817,4867.33169136277,22.8229999999999,1328
"2026-04-30 17:48:54",1344,5440,4096,24.7058823529412,1596.20166110992,4864.61458623977,24.2610000000002,1344
"2026-04-30 17:49:15",1360,5440,4080,25,1616.78669595718,4850.36008787155,20.5829999999999,1360
"2026-04-30 17:49:36",1376,5440,4064,25.2941176470588,1638.14490294456,4838.24192265023,21.357,1376
"2026-04-30 17:49:58",1392,5440,4048,25.5882352941176,1659.72237610817,4826.54897879732,21.577,1392
"2026-04-30 17:50:22",1408,5440,4032,25.8823529411765,1683.51824307442,4820.9840597131,23.7949999999998,1408
"2026-04-30 17:50:45",1424,5440,4016,26.1764705882353,1706.32491993904,4812.21971803033,22.8059999999998,1424
"2026-04-30 17:51:08",1440,5440,4000,26.4705882352941,1729.46228909492,4804.06191415257,23.1370000000002,1440
"2026-04-30 17:51:31",1456,5440,3984,26.7647058823529,1752.78119397163,4796.07161866964,23.319,1456
"2026-04-30 17:51:54",1472,5440,3968,27.0588235294118,1776.0789949894,4787.69120388446,23.296,1472
"2026-04-30 17:52:18",1488,5440,3952,27.3529411764706,1799.31282806396,4778.82009173978,23.2329999999999,1488
"2026-04-30 17:52:38",1504,5440,3936,27.6470588235294,1820.04005503654,4763.08354828713,20.7260000000001,1504
"2026-04-30 17:52:59",1520,5440,3920,27.9411764705882,1841.28166007996,4748.56849178515,21.241,1520
"2026-04-30 17:53:21",1536,5440,3904,28.2352941176471,1862.82828187943,4734.68854977687,21.546,1536
"2026-04-30 17:53:44",1552,5440,3888,28.5294117647059,1885.54910588264,4723.59208999467,22.72,1552
"2026-04-30 17:54:06",1568,5440,3872,28.8235294117647,1908.26207590103,4712.23900375561,22.712,1568
"2026-04-30 17:54:29",1584,5440,3856,29.1176470588235,1931.24417209625,4701.31157045653,22.981,1584
"2026-04-30 17:54:52",1600,5440,3840,29.4117647058824,1954.1192779541,4689.88626708984,22.875,1600
"2026-04-30 17:55:15",1616,5440,3824,29.7058823529412,1977.27534294128,4678.89907884126,23.156,1616
"2026-04-30 17:55:39",1632,5440,3808,30,2000.482640028,4667.792826732,23.2070000000001,1632
"2026-04-30 17:55:59",1648,5440,3792,30.2941176470588,2020.9560790062,4650.16107499484,20.472,1648
"2026-04-30 17:56:21",1664,5440,3776,30.5882352941176,2042.60688400269,4635.14639062148,21.6500000000001,1664
"2026-04-30 17:56:42",1680,5440,3760,30.8823529411765,2063.87786197662,4619.15521490006,21.27,1680
"2026-04-30 17:57:05",1696,5440,3744,31.1764705882353,2086.47568893433,4605.9935019871,22.5969999999998,1696
"2026-04-30 17:57:28",1712,5440,3728,31.4705882352941,2109.46532607079,4593.50860723825,22.989,1712
"2026-04-30 17:57:51",1728,5440,3712,31.7647058823529,2132.54978394508,4581.03286921536,23.0839999999998,1728
"2026-04-30 17:58:14",1744,5440,3696,32.0588235294118,2155.66694092751,4568.43177389224,23.116,1744
"2026-04-30 17:58:37",1760,5440,3680,32.3529411764706,2178.93312191963,4555.95107310469,23.2649999999999,1760
"2026-04-30 17:59:00",1776,5440,3664,32.6470588235294,2202.15822100639,4543.19128477896,23.2240000000002,1776
"2026-04-30 17:59:21",1792,5440,3648,32.9411764705882,2223.06349301338,4525.52211077724,20.9050000000002,1792
"2026-04-30 17:59:43",1808,5440,3632,33.2352941176471,2244.5686480999,4509.00073556351,21.5049999999997,1808
"2026-04-30 18:00:04",1824,5440,3616,33.5294117647059,2266.02505493164,4492.29528433816,21.4549999999999,1824
"2026-04-30 18:00:27",1840,5440,3600,33.8235294117647,2289.17693805695,4478.82444402446,23.1509999999998,1840
"2026-04-30 18:00:51",1856,5440,3584,34.1176470588235,2312.38138699532,4465.28819557716,23.2039999999997,1856
"2026-04-30 18:01:14",1872,5440,3568,34.4117647058824,2335.87644004822,4452.14056522011,23.4949999999999,1872
"2026-04-30 18:01:37",1888,5440,3552,34.7058823529412,2359.23290395737,4438.55681930962,23.355,1888
"2026-04-30 18:02:01",1904,5440,3536,35,2382.53034305573,4424.69920853206,23.297,1904
"2026-04-30 18:02:24",1920,5440,3520,35.2941176470588,2406.06340289116,4411.11623863379,23.5320000000002,1920
"2026-04-30 18:02:45",1936,5440,3504,35.5882352941176,2426.69779992104,4392.12246431989,20.6330000000003,1936
"2026-04-30 18:03:06",1952,5440,3488,35.8823529411765,2448.21714901924,4374.68310234586,21.518,1952
"2026-04-30 18:03:28",1968,5440,3472,36.1764705882353,2469.53548192978,4356.82276080294,21.3179999999998,1968
"2026-04-30 18:03:51",1984,5440,3456,36.4705882352941,2492.42152905464,4341.63750222421,22.886,1984
"2026-04-30 18:04:14",2000,5440,3440,36.7647058823529,2515.28321504593,4326.287129879,22.8610000000003,2000
"2026-04-30 18:04:37",2016,5440,3424,37.0588235294118,2538.31816792488,4311.11180901527,23.0340000000001,2016
"2026-04-30 18:05:00",2032,5440,3408,37.3529411764706,2561.35889101028,4295.82239200938,23.04,2032
"2026-04-30 18:05:22",2048,5440,3392,37.6470588235294,2584.25450706482,4280.17152732611,22.895,2048
"2026-04-30 18:05:45",2064,5440,3376,37.9411764705882,2607.24395608902,4264.56181964948,22.989,2064
"2026-04-30 18:06:06",2080,5440,3360,38.2352941176471,2627.8625190258,4245.00868458014,20.6179999999999,2080
"2026-04-30 18:06:27",2096,5440,3344,38.5294117647059,2649.21393108368,4226.60848546938,21.3499999999999,2096
"2026-04-30 18:06:49",2112,5440,3328,38.8235294117647,2670.55609798431,4208.14900288437,21.3409999999999,2112
"2026-04-30 18:07:12",2128,5440,3312,39.1176470588235,2693.4002430439,4191.98383691795,22.844,2128
"2026-04-30 18:07:34",2144,5440,3296,39.4117647058824,2715.98315310478,4175.31738462377,22.5819999999999,2144
"2026-04-30 18:07:57",2160,5440,3280,39.7058823529412,2738.80792498589,4158.93055275634,22.8239999999996,2160
"2026-04-30 18:08:20",2176,5440,3264,40,2761.97506690025,4142.96260035038,23.1660000000002,2176
"2026-04-30 18:08:43",2192,5440,3248,40.2941176470588,2784.79548311234,4126.37578884528,22.8200000000002,2192
"2026-04-30 18:09:06",2208,5440,3232,40.5882352941176,2807.74574708939,4109.88870226128,22.9490000000001,2208
"2026-04-30 18:09:27",2224,5440,3216,40.8823529411765,2828.38864588737,4089.97207067167,20.6419999999998,2224
"2026-04-30 18:09:48",2240,5440,3200,41.1764705882353,2849.60541510582,4070.8648787226,21.2159999999999,2240
"2026-04-30 18:10:10",2256,5440,3184,41.4705882352941,2871.54896807671,4052.75350813663,21.9429999999998,2256
"2026-04-30 18:10:33",2272,5440,3168,41.7647058823529,2894.2909579277,4035.70147654708,22.741,2272
"2026-04-30 18:10:55",2288,5440,3152,42.0588235294118,2917.15662193298,4018.74024140418,22.8649999999998,2288
"2026-04-30 18:11:18",2304,5440,3136,42.3529411764706,2940.0684928894,4001.75989309947,22.9109999999996,2304
"2026-04-30 18:11:41",2320,5440,3120,42.6470588235294,2963.19857096672,3984.9911816449,23.1279999999997,2320
"2026-04-30 18:12:04",2336,5440,3104,42.9411764705882,2986.1963300705,3967.95950707997,22.9969999999998,2336
"2026-04-30 18:12:27",2352,5440,3088,43.2352941176471,3009.21971487999,3950.88030593087,23.0219999999999,2352
"2026-04-30 18:12:48",2368,5440,3072,43.5294117647059,3029.80047607422,3930.55196896115,20.5799999999999,2368
"2026-04-30 18:13:09",2384,5440,3056,43.8235294117647,3051.15925788879,3911.21757219302,21.357,2384
"2026-04-30 18:13:31",2400,5440,3040,44.1176470588235,3072.51014590263,3891.84618481,21.3499999999999,2400
"2026-04-30 18:13:54",2416,5440,3024,44.4117647058824,3095.4385099411,3874.42303562164,22.9280000000003,2416
"2026-04-30 18:14:16",2432,5440,3008,44.7058823529412,3118.14477705956,3856.65275057366,22.7069999999999,2432
"2026-04-30 18:14:39",2448,5440,2992,45,3141.08037495613,3839.09823605749,22.9349999999999,2448
"2026-04-30 18:15:02",2464,5440,2976,45.2941176470588,3164.03109788895,3821.49210524249,22.9499999999998,2464
"2026-04-30 18:15:25",2480,5440,2960,45.5882352941176,3187.17312002182,3804.04533680024,23.1410000000001,2480
"2026-04-30 18:15:48",2496,5440,2944,45.8823529411765,3209.94640207291,3786.09062808599,22.7730000000001,2496
"2026-04-30 18:16:09",2512,5440,2928,46.1764705882353,3230.69758796692,3765.71757068756,20.7510000000002,2512
"2026-04-30 18:16:30",2528,5440,2912,46.4705882352941,3251.83383893967,3745.78328282924,21.1350000000002,2528
"2026-04-30 18:16:51",2544,5440,2896,46.7647058823529,3273.21727490425,3726.11526262685,21.3830000000003,2544
"2026-04-30 18:17:14",2560,5440,2880,47.0588235294118,3296.10659408569,3708.1199183464,22.8889999999997,2560
"2026-04-30 18:17:37",2576,5440,2864,47.3529411764706,3318.7261300087,3689.76383398482,22.6179999999999,2576
"2026-04-30 18:18:00",2592,5440,2848,47.6470588235294,3341.67674589157,3671.71889363395,22.9499999999998,2592
"2026-04-30 18:18:23",2608,5440,2832,47.9411764705882,3364.80468988419,3653.80631969019,23.127,2608
"2026-04-30 18:18:46",2624,5440,2816,48.2352941176471,3387.80403399467,3635.69213404307,22.9990000000003,2624
"2026-04-30 18:19:09",2640,5440,2800,48.5294117647059,3411.0630800724,3617.79417583437,23.2570000000001,2640
"2026-04-30 18:19:30",2656,5440,2784,48.8235294117647,3431.529556036,3596.90447439918,20.4659999999999,2656
"2026-04-30 18:19:51",2672,5440,2768,49.1176470588235,3452.89630198479,3576.95245654711,21.3670000000002,2672
"2026-04-30 18:20:12",2688,5440,2752,49.4117647058824,3474.12898397446,3556.84634073575,21.232,2688
"2026-04-30 18:20:35",2704,5440,2736,49.7058823529412,3497.00850605965,3538.39322210769,22.8789999999999,2704
"2026-04-30 18:20:58",2720,5440,2720,50,3519.70972108841,3519.70972108841,22.701,2720
"2026-04-30 18:21:21",2736,5440,2704,50.2941176470588,3542.55977392197,3501.12632627376,22.8489999999997,2736
"2026-04-30 18:21:44",2752,5440,2688,50.5882352941176,3565.89202189445,3482.96430045505,23.3310000000001,2752
"2026-04-30 18:22:07",2768,5440,2672,50.8823529411765,3588.91852998734,3464.4473670976,23.0260000000003,2768
"2026-04-30 18:22:30",2784,5440,2656,51.1764705882353,3611.72092008591,3445.66478582908,22.8019999999997,2784
"2026-04-30 18:22:51",2800,5440,2640,51.4705882352941,3632.39280796051,3424.82750464848,20.6709999999998,2800
"2026-04-30 18:23:12",2816,5440,2624,51.7647058823529,3653.56824302673,3404.46131736582,21.1749999999997,2816
"2026-04-30 18:23:33",2832,5440,2608,52.0588235294118,3674.88665103912,3384.21765039196,21.3180000000002,2832
"2026-04-30 18:23:56",2848,5440,2592,52.3529411764706,3697.68849492073,3365.31200099527,22.8009999999999,2848
"2026-04-30 18:24:19",2864,5440,2576,52.6470588235294,3720.4891769886,3346.361773716,22.8009999999999,2864
"2026-04-30 18:24:42",2880,5440,2560,52.9411764705882,3743.2818210125,3327.36161867778,22.7919999999999,2880
"2026-04-30 18:25:05",2896,5440,2544,53.2352941176471,3766.39852809906,3308.60423186603,23.116,2896
"2026-04-30 18:25:28",2912,5440,2528,53.5294117647059,3789.28501105309,3289.5990755296,22.886,2912
"2026-04-30 18:25:51",2928,5440,2512,53.8235294117647,3812.33984589577,3270.69593336413,23.0540000000001,2928
"2026-04-30 18:26:11",2944,5440,2496,54.1176470588235,3832.88322806358,3249.61838901043,20.5419999999999,2944
"2026-04-30 18:26:32",2960,5440,2480,54.4117647058824,3854.1514070034,3229.15388154339,21.268,2960
"2026-04-30 18:26:54",2976,5440,2464,54.7058823529412,3875.57796311378,3208.81186193292,21.4259999999999,2976
"2026-04-30 18:27:17",2992,5440,2448,55,3898.33643007278,3189.54798824137,22.7579999999998,2992
"2026-04-30 18:27:39",3008,5440,2432,55.2941176470588,3921.11859107018,3170.2660949078,22.7820000000002,3008
"2026-04-30 18:28:03",3024,5440,2416,55.5882352941176,3944.35836696625,3151.31276937515,23.2400000000002,3024
"2026-04-30 18:28:26",3040,5440,2400,55.8823529411765,3967.30108094215,3132.07980074381,22.9400000000001,3040
"2026-04-30 18:28:49",3056,5440,2384,56.1764705882353,3990.35199904442,3112.89239716031,23.0509999999999,3056
"2026-04-30 18:29:11",3072,5440,2368,56.4705882352941,4013.26204109192,3093.55615667502,22.9079999999999,3072
"2026-04-30 18:29:32",3088,5440,2352,56.7647058823529,4033.85093808174,3072.41496320216,20.5879999999997,3088
"2026-04-30 18:29:54",3104,5440,2336,57.0588235294118,4055.32364702225,3051.94460033633,21.4719999999998,3104
"2026-04-30 18:30:15",3120,5440,2320,57.3529411764706,4076.70878601074,3031.39884087978,21.384,3120
"2026-04-30 18:30:38",3136,5440,2304,57.6470588235294,4099.44757008553,3011.83903108324,22.7380000000003,3136
"2026-04-30 18:31:00",3152,5440,2288,57.9411764705882,4122.15712094307,2992.22572738507,22.7079999999996,3152
"2026-04-30 18:31:23",3168,5440,2272,58.2352941176471,4145.09871697426,2972.74756469871,22.9409999999998,3168
"2026-04-30 18:31:47",3184,5440,2256,58.5294117647059,4168.43665599823,2953.51541957664,23.3379999999997,3184
"2026-04-30 18:32:10",3200,5440,2240,58.8235294117647,4191.47217011452,2934.03051908016,23.0349999999999,3200
"2026-04-30 18:32:33",3216,5440,2224,59.1176470588235,4214.41929197311,2914.44916211076,22.9459999999999,3216
"2026-04-30 18:32:55",3232,5440,2208,59.4117647058824,4236.56251311302,2894.28528123563,22.1419999999998,3232
"2026-04-30 18:33:17",3248,5440,2192,59.7058823529412,4259.13295793533,2874.39022284306,22.5699999999997,3248
"2026-04-30 18:33:39",3264,5440,2176,60,4280.94604706764,2853.96403137843,21.8119999999999,3264
"2026-04-30 18:34:04",3280,5440,2160,60.2941176470588,4306.11215996742,2835.73239802733,25.1660000000002,3280
"2026-04-30 18:34:29",3296,5440,2144,60.5882352941176,4330.30394506454,2816.79965358567,24.1909999999998,3296
"2026-04-30 18:34:54",3312,5440,2128,60.8823529411765,4355.40484595299,2798.4002150326,25.0999999999995,3312
"2026-04-30 18:35:17",3328,5440,2112,61.1764705882353,4378.71888899803,2778.80237186414,23.3130000000001,3328
"2026-04-30 18:35:40",3344,5440,2096,61.4705882352941,4401.5562889576,2758.8702098251,22.8369999999995,3344
"2026-04-30 18:36:02",3360,5440,2080,61.7647058823529,4424.05475401878,2738.70056201163,22.4980000000005,3360
"2026-04-30 18:36:23",3376,5440,2064,62.0588235294118,4444.46120500565,2717.22983623568,20.4049999999997,3376
"2026-04-30 18:36:44",3392,5440,2048,62.3529411764706,4465.62729907036,2696.22780321229,21.1660000000002,3392
"2026-04-30 18:37:05",3408,5440,2032,62.6470588235294,4486.69566392899,2675.16595924404,21.0679999999993,3408
"2026-04-30 18:37:27",3424,5440,2016,62.9411764705882,4509.27207899094,2654.99197174233,22.5749999999998,3424
"2026-04-30 18:37:50",3440,5440,2000,63.2352941176471,4531.65404105186,2634.6825820069,22.3810000000003,3440
"2026-04-30 18:38:12",3456,5440,1984,63.5294117647059,4554.20661497116,2614.45194563159,22.5520000000006,3456
"2026-04-30 18:38:35",3472,5440,1968,63.8235294117647,4576.80444192886,2594.22555925,22.5969999999998,3472
"2026-04-30 18:38:58",3488,5440,1952,64.1176470588235,4599.39966106415,2573.97595710929,22.5950000000003,3488
"2026-04-30 18:39:20",3504,5440,1936,64.4117647058823,4621.98668289185,2553.7004047028,22.5870000000004,3504
"2026-04-30 18:39:41",3520,5440,1920,64.7058823529412,4642.43861103058,2532.23924238032,20.4499999999998,3520
"2026-04-30 18:40:02",3536,5440,1904,65,4663.47362804413,2511.10118433145,21.0349999999999,3536
"2026-04-30 18:40:23",3552,5440,1888,65.2941176470588,4684.5380730629,2489.97969649289,21.0630000000001,3552
"2026-04-30 18:40:45",3568,5440,1872,65.5882352941177,4706.87371301651,2469.52567005799,22.335,3568
"2026-04-30 18:41:08",3584,5440,1856,65.8823529411765,4729.85345888138,2449.38839834929,22.9790000000003,3584
"2026-04-30 18:41:30",3600,5440,1840,66.1764705882353,4752.23679900169,2428.92103060087,22.3829999999998,3600
"2026-04-30 18:41:53",3616,5440,1824,66.4705882352941,4774.67568397522,2408.46472554502,22.4380000000001,3616
"2026-04-30 18:42:15",3632,5440,1808,66.7647058823529,4797.25627708435,2388.06149476005,22.5799999999999,3632
"2026-04-30 18:42:38",3648,5440,1792,67.0588235294118,4819.60359501839,2367.52457299149,22.3469999999998,3648
"2026-04-30 18:42:58",3664,5440,1776,67.3529411764706,4839.80214595795,2345.93029782241,20.1970000000001,3664
"2026-04-30 18:43:19",3680,5440,1760,67.6470588235294,4860.77121710777,2324.71666905154,20.969,3680
"2026-04-30 18:43:40",3696,5440,1744,67.9411764705882,4881.80389499664,2303.53517123218,21.0320000000002,3696
"2026-04-30 18:44:02",3712,5440,1728,68.2352941176471,4904.18298697472,2282.98173531582,22.3779999999997,3712
"2026-04-30 18:44:25",3728,5440,1712,68.5294117647059,4926.54753899574,2262.40595138431,22.3639999999996,3728
"2026-04-30 18:44:47",3744,5440,1696,68.8235294117647,4949.07460689545,2241.88849714067,22.5259999999998,3744
"2026-04-30 18:45:10",3760,5440,1680,69.1176470588235,4971.38688588142,2221.25797028744,22.3110000000006,3760
"2026-04-30 18:45:32",3776,5440,1664,69.4117647058823,4993.80645799637,2200.66047301535,22.4189999999999,3776
"2026-04-30 18:45:54",3792,5440,1648,69.7058823529412,5016.18054890633,2180.02783349093,22.3730000000005,3792
"2026-04-30 18:46:15",3808,5440,1632,70,5036.48635697365,2158.49415298871,20.3050000000003,3808
"2026-04-30 18:46:36",3824,5440,1616,70.2941176470588,5057.51206302643,2137.27497224129,21.0250000000005,3824
"2026-04-30 18:46:57",3840,5440,1600,70.5882352941177,5078.55454707146,2116.06439461311,21.0420000000004,3840
"2026-04-30 18:47:19",3856,5440,1584,70.8823529411765,5100.89204692841,2095.38718940212,22.3369999999995,3856
"2026-04-30 18:47:42",3872,5440,1568,71.1764705882353,5123.570966959,2074.83452380984,22.6779999999999,3872
"2026-04-30 18:48:05",3888,5440,1552,71.4705882352941,5146.89161992073,2054.52052317823,23.3199999999997,3888
"2026-04-30 18:48:29",3904,5440,1536,71.7647058823529,5170.76907801628,2034.40094872772,23.8760000000002,3904
"2026-04-30 18:48:37",3920,5440,1520,72.0588235294118,5178.96362304688,2008.16956812022,8.1939999999995,3920
"2026-04-30 18:48:45",3936,5440,1504,72.3529411764706,5187.22660899162,1982.1109806716,8.26299999999992,3936
"2026-04-30 18:48:55",3952,5440,1488,72.6470588235294,5196.72139811516,1956.66028350085,9.49399999999969,3952
"2026-04-30 18:49:06",3968,5440,1472,72.9411764705882,5207.61466002464,1931.85705129946,10.8919999999998,3968
"2026-04-30 18:49:17",3984,5440,1456,73.2352941176471,5218.9635488987,1907.33206003928,11.348,3984
"2026-04-30 18:49:28",4000,5440,1440,73.5294117647059,5229.8515920639,1882.74657314301,10.8869999999997,4000
"2026-04-30 18:49:38",4016,5440,1424,73.8235294117647,5239.99921298027,1858.00768906472,10.1459999999997,4016
"2026-04-30 18:49:46",4032,5440,1408,74.1176470588235,5248.04578304291,1832.65090836419,8.04600000000028,4032
"2026-04-30 18:49:54",4048,5440,1392,74.4117647058823,5255.96574211121,1807.38742910543,7.91899999999987,4048
"2026-04-30 18:50:02",4064,5440,1376,74.7058823529412,5264.06119704247,1782.3199328569,8.09400000000005,4064
"2026-04-30 18:50:10",4080,5440,1360,75,5271.89206504822,1757.29735501607,7.82999999999993,4080
"2026-04-30 18:50:18",4096,5440,1344,75.2941176470588,5279.9650349617,1732.48852709681,8.07200000000012,4096
"2026-04-30 18:50:26",4112,5440,1328,75.5882352941177,5287.91936898232,1707.77162500207,7.95399999999972,4112
"2026-04-30 18:50:34",4128,5440,1312,75.8823529411765,5295.99278998375,1683.222514646,8.07300000000032,4128
"2026-04-30 18:50:42",4144,5440,1296,76.1764705882353,5304.02435708046,1658.78754024524,8.03099999999995,4144
"2026-04-30 18:50:51",4160,5440,1280,76.4705882352941,5312.38983392715,1634.5814873622,8.36400000000049,4160
"2026-04-30 18:50:59",4176,5440,1264,76.7647058823529,5320.50513601303,1610.42109480854,8.11499999999978,4176
"2026-04-30 18:51:07",4192,5440,1248,77.0588235294118,5328.79510593414,1586.4351842094,8.28799999999956,4192
"2026-04-30 18:51:15",4208,5440,1232,77.3529411764706,5337.11825990677,1562.57834985864,8.32300000000032,4208
"2026-04-30 18:51:24",4224,5440,1216,77.6470588235294,5345.29173088074,1538.79610434445,8.17299999999977,4224
"2026-04-30 18:51:32",4240,5440,1200,77.9411764705882,5353.38664197922,1515.10942697525,8.09400000000005,4240
"2026-04-30 18:51:40",4256,5440,1184,78.2352941176471,5361.39153909683,1491.51493944799,8.0039999999999,4256
"2026-04-30 18:51:48",4272,5440,1168,78.5294117647059,5369.28378891945,1468.00642918022,7.89100000000053,4272
"2026-04-30 18:51:55",4288,5440,1152,78.8235294117647,5377.19334292412,1444.61910705424,7.90900000000056,4288
"2026-04-30 18:52:03",4304,5440,1136,79.1176470588235,5384.92524504662,1421.29997174093,7.73099999999977,4304
"2026-04-30 18:52:11",4320,5440,1120,79.4117647058823,5392.746270895,1398.11940356537,7.82099999999991,4320
"2026-04-30 18:52:19",4336,5440,1104,79.7058823529412,5400.67003798485,1375.07834915481,7.92299999999977,4336
"2026-04-30 18:52:27",4352,5440,1088,80,5408.426664114,1352.1066660285,7.75600000000031,4352
"2026-04-30 18:52:35",4368,5440,1072,80.2941176470588,5416.32612490654,1329.28150318219,7.89800000000014,4368
"2026-04-30 18:52:42",4384,5440,1056,80.5882352941177,5424.14106988907,1306.54492924335,7.8140000000003,4384
"2026-04-30 18:52:50",4400,5440,1040,80.8823529411765,5431.89740204811,1283.90302230228,7.75600000000031,4400
"2026-04-30 18:52:58",4416,5440,1024,81.1764705882353,5439.65941500664,1261.37029913197,7.76199999999972,4416
"2026-04-30 18:53:06",4432,5440,1008,81.4705882352941,5447.56034708023,1238.97581901103,7.90100000000075,4432
"2026-04-30 18:53:14",4448,5440,992,81.7647058823529,5455.43083095551,1216.67881841454,7.86999999999989,4448
"2026-04-30 18:53:21",4464,5440,976,82.0588235294118,5463.28082489967,1194.48075383111,7.84900000000016,4464
"2026-04-30 18:53:29",4480,5440,960,82.3529411764706,5471.05710792542,1172.36938026973,7.77499999999964,4480
"2026-04-30 18:53:37",4496,5440,944,82.6470588235294,5479.22657990456,1150.44259151021,8.16899999999987,4496
"2026-04-30 18:53:45",4512,5440,928,82.9411764705882,5487.13167500496,1128.55899698684,7.90400000000045,4512
"2026-04-30 18:53:53",4528,5440,912,83.2352941176471,5495.24815702438,1106.81676660915,8.11599999999999,4528
"2026-04-30 18:54:01",4544,5440,896,83.5294117647059,5503.25546693802,1085.14896531172,8.00700000000052,4544
"2026-04-30 18:54:10",4560,5440,880,83.8235294117647,5511.53172492981,1063.62892937242,8.27599999999984,4560
"2026-04-30 18:54:18",4576,5440,864,84.1176470588235,5519.75376796722,1042.19127087493,8.22099999999955,4576
"2026-04-30 18:54:26",4592,5440,848,84.4117647058823,5527.47811794281,1020.75379878386,7.72299999999996,4592
"2026-04-30 18:54:33",4608,5440,832,84.7058823529412,5535.2665169239,999.423121111261,7.78799999999956,4608
"2026-04-30 18:54:41",4624,5440,816,85,5543.08433508873,978.191353250952,7.81700000000001,4624
"2026-04-30 18:54:49",4640,5440,800,85.2941176470588,5550.83299088478,957.040170842204,7.7480000000005,4640
"2026-04-30 18:54:57",4656,5440,784,85.5882352941177,5558.60923290253,935.985747121044,7.77600000000075,4656
"2026-04-30 18:55:05",4672,5440,768,85.8823529411765,5566.40185689926,915.024962777961,7.79199999999946,4672
"2026-04-30 18:55:12",4688,5440,752,86.1764705882353,5574.21289896965,894.157017923459,7.8100000000004,4688
"2026-04-30 18:55:20",4704,5440,736,86.4705882352941,5582.04592204094,873.381334741099,7.83200000000033,4704
"2026-04-30 18:55:28",4720,5440,720,86.7647058823529,5590.00065994263,852.711965075994,7.95399999999972,4720
"2026-04-30 18:55:36",4736,5440,704,87.0588235294118,5598.02484989166,832.13882903795,8.02300000000014,4736
"2026-04-30 18:55:44",4752,5440,688,87.3529411764706,5605.83945298195,811.619853462033,7.8140000000003,4752
"2026-04-30 18:55:52",4768,5440,672,87.6470588235294,5613.58936309814,791.177024329269,7.75,4768
"2026-04-30 18:56:00",4784,5440,656,87.9411764705882,5621.32974290848,770.817790833604,7.73999999999978,4784
"2026-04-30 18:56:07",4800,5440,640,88.2352941176471,5629.20036292076,750.560048389435,7.86999999999989,4800
"2026-04-30 18:56:15",4816,5440,624,88.5294117647059,5636.95135807991,730.369112840919,7.7510000000002,4816
"2026-04-30 18:56:23",4832,5440,608,88.8235294117647,5644.70689892769,710.261132977656,7.75500000000011,4832
"2026-04-30 18:56:31",4848,5440,592,89.1176470588235,5652.46725296974,690.235275115117,7.75999999999931,4848
"2026-04-30 18:56:39",4864,5440,576,89.4117647058823,5660.28610992432,670.297039333143,7.81800000000021,4864
"2026-04-30 18:56:46",4880,5440,560,89.7058823529412,5668.02156996727,650.428704750342,7.73499999999967,4880
"2026-04-30 18:56:54",4896,5440,544,90,5675.8141438961,630.646015988456,7.79100000000017,4896
"2026-04-30 18:57:02",4912,5440,528,90.2941176470588,5683.59633207321,610.940322340117,7.78200000000015,4912
"2026-04-30 18:57:10",4928,5440,512,90.5882352941177,5691.95376706123,591.371819954414,8.35699999999997,4928
"2026-04-30 18:57:18",4944,5440,496,90.8823529411765,5699.92105293274,571.836739938236,7.96600000000035,4944
"2026-04-30 18:57:26",4960,5440,480,91.1764705882353,5708.05742001534,552.392653549871,8.13599999999951,4960
"2026-04-30 18:57:34",4976,5440,464,91.4705882352941,5716.2719540596,533.028574494304,8.21399999999994,4976
"2026-04-30 18:57:43",4992,5440,448,91.7647058823529,5724.30212306976,513.719421301133,8.02900000000045,4992
"2026-04-30 18:57:50",5008,5440,432,92.0588235294118,5732.1841340065,494.469557885545,7.88100000000031,5008
"2026-04-30 18:57:58",5024,5440,416,92.3529411764706,5740.16821408272,475.300552758442,7.98300000000017,5024
"2026-04-30 18:58:08",5040,5440,400,92.6470588235294,5749.44833898544,456.305423729003,9.28000000000065,5040
"2026-04-30 18:58:16",5056,5440,384,92.9411764705882,5757.72172403336,437.29532081266,8.26600000000053,5056
"2026-04-30 18:58:24",5072,5440,368,93.2352941176471,5765.67831897736,418.329972670281,7.95600000000013,5072
"2026-04-30 18:58:32",5088,5440,352,93.5294117647059,5773.60082793236,399.43150381922,7.92200000000048,5088
"2026-04-30 18:59:03",5104,5440,336,93.8235294117647,5804.36898303032,382.105795121118,30.7670000000007,5104
"2026-04-30 19:00:08",5120,5440,320,94.1176470588235,5869.71834993362,366.857396870852,65.3490000000002,5120
"2026-04-30 19:01:12",5136,5440,304,94.4117647058823,5933.51669597626,351.205038079592,63.799,5136
"2026-04-30 19:02:31",5152,5440,288,94.7058823529412,6012.85300207138,336.122217507096,79.335,5152
"2026-04-30 19:03:54",5168,5440,272,95,6096.26880002022,320.856252632643,83.415,5168
"2026-04-30 19:05:20",5184,5440,256,95.2941176470588,6181.85189008713,305.276636547513,85.5819999999994,5184
"2026-04-30 19:06:44",5200,5440,240,95.5882352941177,6266.1781680584,289.208223141157,84.3249999999998,5200
"2026-04-30 19:08:09",5216,5440,224,95.8823529411765,6351.06484889984,272.745116210423,84.8859999999995,5216
"2026-04-30 19:09:34",5232,5440,208,96.1764705882353,6435.76204299927,255.855983360827,84.6959999999999,5232
"2026-04-30 19:10:58",5248,5440,192,96.4705882352941,6519.94196295738,238.534462059416,84.1779999999999,5248
"2026-04-30 19:12:24",5264,5440,176,96.7647058823529,6605.29879689217,220.845856431045,85.3559999999998,5264
"2026-04-30 19:13:49",5280,5440,160,97.0588235294118,6690.33927297592,202.737553726543,85.0389999999998,5280
"2026-04-30 19:15:13",5296,5440,144,97.3529411764706,6774.86337804794,184.210786714295,84.5230000000001,5296
"2026-04-30 19:16:38",5312,5440,128,97.6470588235294,6859.70420193672,165.294077155102,84.8369999999995,5312
"2026-04-30 19:18:02",5328,5440,112,97.9411764705882,6944.10657191277,145.972210220388,84.4009999999998,5328
"2026-04-30 19:19:28",5344,5440,96,98.2352941176471,7029.32014489174,126.275212183684,85.2129999999997,5344
"2026-04-30 19:20:44",5360,5440,80,98.5294117647059,7105.68356204033,106.054978537915,76.3620000000001,5360
"2026-04-30 19:21:51",5376,5440,64,98.8235294117647,7172.46166706085,85.3864484173911,66.777,5376
"2026-04-30 19:22:57",5392,5440,48,99.1176470588235,7238.41918706894,64.4369660569935,65.9569999999994,5392
"2026-04-30 19:23:36",5408,5440,32,99.4117647058823,7278.1880979538,43.0662017630402,39.768,5408
"2026-04-30 19:23:48",5424,5440,16,99.7058823529412,7290.11189508438,21.5047548527563,11.9229999999998,5424
"2026-04-30 19:24:00",5440,5440,0,100,7301.64804005623,0,11.5339999999997,5440
